Year,Rank,Country name,Life evaluation (3-year average),Lower whisker,Upper whisker,Explained by: Log GDP per capita,Explained by: Social support,Explained by: Healthy life expectancy,Explained by: Freedom to make life choices,Explained by: Generosity,Explained by: Perceptions of corruption,Dystopia + residual
2024,147,Afghanistan,1.364,1.301,1.427,0.649,0.0,0.155,0.0,0.075,0.135,0.348
2023,143,Afghanistan,1.721,1.667,1.775,0.628,0.0,0.242,0.0,0.091,0.088,0.672
2022,137,Afghanistan,1.859,1.795,1.923,0.645,0.0,0.087,0.0,0.093,0.059,0.976
2021,146,Afghanistan,2.404,2.339,2.469,0.758,0.0,0.289,0.0,0.089,0.005,1.263
2020,150,Afghanistan,2.523,2.449,2.596,0.37,0.0,0.126,0.0,0.122,0.01,1.895
2019,153,Afghanistan,2.567,2.506,2.628,0.301,0.356,0.266,0.0,0.135,0.001,1.507
2024,89,Albania,5.411,5.284,5.539,1.371,1.122,0.696,0.841,0.103,0.057,1.22
2023,87,Albania,5.304,5.168,5.44,1.438,0.924,0.638,0.69,0.138,0.049,1.428
2022,83,Albania,5.277,5.148,5.406,1.449,0.951,0.48,0.549,0.133,0.037,1.678
2021,90,Albania,5.199,5.076,5.321,1.439,0.646,0.719,0.511,0.138,0.028,1.718
2020,94,Albania,5.117,5.001,5.234,1.008,0.529,0.646,0.491,0.168,0.024,2.25
2019,105,Albania,4.883,4.773,4.993,0.907,0.83,0.846,0.462,0.171,0.025,1.641
2024,84,Algeria,5.571,5.469,5.674,1.315,1.363,0.782,0.522,0.057,0.219,1.313
2023,85,Algeria,5.364,5.251,5.476,1.324,1.191,0.568,0.247,0.091,0.2,1.743
2022,81,Algeria,5.329,5.207,5.451,1.353,1.298,0.409,0.252,0.073,0.152,1.791
2021,96,Algeria,5.122,5.03,5.215,1.363,0.97,0.643,0.146,0.106,0.15,1.744
2020,110,Algeria,4.887,4.783,4.991,0.946,0.765,0.552,0.119,0.144,0.12,2.242
2019,100,Algeria,5.005,4.918,5.092,0.944,1.143,0.745,0.084,0.119,0.129,1.841
2024,42,Argentina,6.397,6.302,6.492,1.504,1.622,0.579,0.824,0.048,0.083,1.736
2023,48,Argentina,6.188,6.07,6.306,1.562,1.381,0.585,0.681,0.087,0.08,1.812
2022,52,Argentina,6.024,5.9,6.147,1.59,1.388,0.427,0.587,0.088,0.082,1.861
2021,57,Argentina,5.967,5.844,6.09,1.592,1.102,0.662,0.555,0.081,0.085,1.891
2020,58,Argentina,5.929,5.819,6.04,1.162,0.98,0.646,0.544,0.069,0.067,2.461
2019,55,Argentina,5.975,5.87,6.079,1.028,1.373,0.85,0.521,0.07,0.06,2.073
2024,87,Armenia,5.494,5.391,5.596,1.391,1.349,0.828,0.786,0.032,0.158,0.95
2023,82,Armenia,5.455,5.35,5.56,1.444,1.154,0.603,0.65,0.051,0.173,1.379
2022,79,Armenia,5.342,5.213,5.47,1.466,1.134,0.443,0.551,0.053,0.16,1.534
2021,82,Armenia,5.399,5.278,5.519,1.434,0.82,0.668,0.558,0.054,0.21,1.654
2020,87,Armenia,5.283,5.168,5.397,0.996,0.758,0.585,0.54,0.079,0.198,2.127
2019,116,Armenia,4.677,4.562,4.792,0.808,1.035,0.776,0.378,0.107,0.105,1.468
2024,11,Australia,6.974,6.89,7.057,1.767,1.647,0.841,0.857,0.164,0.285,1.413
2023,10,Australia,7.057,6.973,7.141,1.854,1.461,0.692,0.756,0.225,0.323,1.745
2022,12,Australia,7.095,7.009,7.18,1.899,1.497,0.532,0.677,0.242,0.31,1.938
2021,12,Australia,7.162,7.081,7.244,1.9,1.203,0.772,0.676,0.258,0.341,2.011
2020,12,Australia,7.183,7.102,7.265,1.453,1.076,0.801,0.647,0.291,0.317,2.598
2019,12,Australia,7.223,7.141,7.305,1.31,1.477,1.023,0.622,0.325,0.336,2.13
2024,17,Austria,6.81,6.728,6.891,1.791,1.592,0.814,0.856,0.179,0.28,1.297
2023,14,Austria,6.905,6.824,6.986,1.885,1.336,0.696,0.703,0.214,0.305,1.766
2022,11,Austria,7.097,7.018,7.176,1.927,1.382,0.535,0.63,0.191,0.31,2.124
2021,11,Austria,7.163,7.089,7.237,1.931,1.165,0.774,0.623,0.193,0.329,2.148
2020,11,Austria,7.268,7.198,7.337,1.492,1.062,0.782,0.64,0.215,0.292,2.784
2019,9,Austria,7.294,7.229,7.36,1.317,1.437,1.001,0.603,0.256,0.281,2.398
2024,106,Azerbaijan,4.875,4.78,4.969,1.428,1.03,0.707,0.785,0.076,0.179,0.67
2023,101,Azerbaijan,4.893,4.768,5.018,1.433,0.876,0.496,0.668,0.112,0.199,1.11
2021,92,Azerbaijan,5.173,5.082,5.265,1.458,1.093,0.56,0.601,0.023,0.341,1.098
2020,91,Azerbaijan,5.171,5.091,5.25,1.025,0.841,0.541,0.526,0.043,0.276,1.919
2019,89,Azerbaijan,5.165,5.098,5.232,0.99,1.181,0.731,0.468,0.04,0.247,1.508
2024,59,Bahrain,6.03,5.891,6.17,1.752,1.391,0.609,0.907,0.148,0.167,1.057
2022,42,Bahrain,6.173,5.977,6.369,1.883,1.269,0.389,0.748,0.199,0.138,1.546
2021,21,Bahrain,6.647,6.514,6.779,1.854,1.029,0.625,0.693,0.199,0.155,2.092
2020,23,Bahrain,6.647,6.514,6.779,1.409,0.899,0.662,0.661,0.246,0.139,2.631
2019,40,Bahrain,6.227,6.067,6.388,1.297,1.315,0.839,0.61,0.287,0.127,1.752
2024,134,Bangladesh,3.851,3.753,3.949,1.116,0.286,0.592,0.92,0.11,0.132,0.695
2023,129,Bangladesh,3.886,3.778,3.994,1.122,0.249,0.513,0.775,0.14,0.167,0.919
2022,118,Bangladesh,4.282,4.148,4.416,1.133,0.513,0.355,0.617,0.139,0.165,1.361
2021,94,Bangladesh,5.155,5.049,5.262,1.06,0.614,0.581,0.622,0.125,0.187,1.967
2020,102,Bangladesh,5.025,4.934,5.115,0.635,0.52,0.514,0.603,0.161,0.164,2.427
2019,107,Bangladesh,4.833,4.754,4.911,0.556,0.869,0.695,0.604,0.177,0.177,1.755
2021,65,Belarus,5.821,5.693,5.95,1.562,1.157,0.629,0.342,0.04,0.282,1.811
2020,76,Belarus,5.534,5.442,5.625,1.124,1.007,0.56,0.326,0.07,0.199,2.247
2019,75,Belarus,5.54,5.467,5.613,1.019,1.387,0.753,0.291,0.09,0.194,1.807
2024,14,Belgium,6.91,6.845,6.974,1.783,1.646,0.852,0.895,0.119,0.306,1.309
2023,16,Belgium,6.894,6.827,6.961,1.868,1.44,0.69,0.729,0.17,0.311,1.686
2022,17,Belgium,6.859,6.793,6.926,1.907,1.449,0.528,0.59,0.137,0.273,1.976
2021,19,Belgium,6.805,6.72,6.89,1.907,1.106,0.764,0.492,0.049,0.204,2.283
2020,21,Belgium,6.834,6.767,6.901,1.463,0.998,0.747,0.489,0.088,0.187,2.862
2019,20,Belgium,6.864,6.796,6.931,1.296,1.399,0.965,0.5,0.147,0.209,2.349
2024,25,Belize,6.711,6.432,6.989,1.256,1.54,0.525,1.018,0.072,0.082,2.218
2024,121,Benin,4.357,4.222,4.492,0.855,0.228,0.357,0.679,0.092,0.238,1.909
2023,116,Benin,4.377,4.245,4.51,0.914,0.128,0.284,0.567,0.112,0.252,2.121
2022,116,Benin,4.374,4.244,4.504,0.924,0.242,0.124,0.481,0.114,0.253,2.235
2021,115,Benin,4.623,4.492,4.754,0.932,0.064,0.335,0.479,0.127,0.23,2.458
2020,100,Benin,5.045,4.901,5.189,0.507,0.058,0.196,0.457,0.166,0.178,3.482
2019,86,Benin,5.216,5.064,5.368,0.366,0.352,0.328,0.406,0.197,0.126,3.441
2024,74,Bolivia,5.868,5.758,5.977,1.173,1.356,0.346,0.817,0.067,0.052,2.057
2023,73,Bolivia,5.784,5.674,5.895,1.217,1.179,0.488,0.719,0.1,0.061,2.02
2022,69,Bolivia,5.684,5.572,5.797,1.24,1.187,0.329,0.648,0.103,0.06,2.118
2021,71,Bolivia,5.6,5.491,5.709,1.256,0.88,0.555,0.627,0.112,0.064,2.107
2020,70,Bolivia,5.716,5.613,5.819,0.842,0.782,0.486,0.6,0.138,0.064,2.805
2019,65,Bolivia,5.747,5.648,5.847,0.731,1.142,0.662,0.574,0.138,0.073,2.426
2024,56,Bosnia and Herzegovina,6.136,6.039,6.234,1.405,1.545,0.616,0.749,0.178,0.009,1.635
2023,65,Bosnia and Herzegovina,5.877,5.775,5.979,1.465,1.318,0.587,0.621,0.246,0.0,1.64
2022,71,Bosnia and Herzegovina,5.633,5.49,5.775,1.467,1.361,0.429,0.485,0.247,0.008,1.635
2021,67,Bosnia and Herzegovina,5.768,5.659,5.877,1.468,1.068,0.665,0.448,0.244,0.006,1.869
2020,65,Bosnia and Herzegovina,5.813,5.715,5.911,1.032,0.919,0.618,0.395,0.261,0.005,2.583
2019,69,Bosnia and Herzegovina,5.674,5.583,5.765,0.918,1.204,0.814,0.305,0.264,0.001,2.167
2024,142,Botswana,3.438,3.301,3.576,1.388,1.146,0.094,0.697,0.018,0.083,0.012
2023,137,Botswana,3.383,3.209,3.558,1.445,0.969,0.241,0.567,0.014,0.082,0.066
2022,132,Botswana,3.435,3.168,3.702,1.471,1.041,0.087,0.48,0.021,0.071,0.264
2021,142,Botswana,3.471,3.275,3.667,1.503,0.815,0.28,0.571,0.012,0.102,0.187
2020,147,Botswana,3.467,3.322,3.611,1.099,0.724,0.34,0.539,0.027,0.088,0.648
2019,147,Botswana,3.479,3.36,3.598,0.998,1.086,0.494,0.509,0.033,0.102,0.257
2024,36,Brazil,6.494,6.394,6.593,1.391,1.519,0.48,0.83,0.089,0.127,2.057
2023,44,Brazil,6.272,6.154,6.39,1.43,1.269,0.548,0.685,0.13,0.142,2.068
2022,49,Brazil,6.125,5.997,6.252,1.454,1.25,0.387,0.558,0.131,0.137,2.205
2021,38,Brazil,6.293,6.202,6.384,1.462,1.044,0.615,0.546,0.131,0.134,2.361
2020,36,Brazil,6.33,6.245,6.415,1.028,0.944,0.571,0.514,0.142,0.117,3.015
2019,32,Brazil,6.376,6.296,6.456,0.953,1.363,0.766,0.483,0.132,0.107,2.572
2024,85,Bulgaria,5.554,5.46,5.647,1.573,1.725,0.463,0.708,0.055,0.0,1.029
2023,81,Bulgaria,5.463,5.357,5.569,1.629,1.469,0.567,0.62,0.083,0.006,1.088
2022,77,Bulgaria,5.466,5.35,5.582,1.635,1.457,0.408,0.557,0.106,0.013,1.289
2021,85,Bulgaria,5.371,5.257,5.485,1.625,1.163,0.64,0.563,0.123,0.021,1.235
2020,89,Bulgaria,5.266,5.16,5.371,1.181,1.055,0.583,0.494,0.125,0.005,1.823
2019,96,Bulgaria,5.102,5.015,5.188,1.047,1.461,0.778,0.418,0.104,0.0,1.295
2024,120,Burkina Faso,4.383,4.26,4.506,0.724,0.828,0.296,0.671,0.142,0.218,1.504
2023,110,Burkina Faso,4.548,4.41,4.686,0.756,0.685,0.274,0.483,0.173,0.179,1.999
2022,104,Burkina Faso,4.638,4.456,4.819,0.768,0.814,0.107,0.419,0.188,0.113,2.23
2021,113,Burkina Faso,4.67,4.527,4.814,0.779,0.565,0.32,0.382,0.186,0.126,2.313
2020,114,Burkina Faso,4.834,4.675,4.993,0.364,0.472,0.179,0.381,0.182,0.122,3.133
2019,112,Burkina Faso,4.769,4.647,4.89,0.302,0.929,0.313,0.322,0.186,0.126,2.589
2020,141,Burundi,3.775,3.565,3.985,0.0,0.062,0.155,0.298,0.172,0.212,2.876
2019,140,Burundi,3.775,3.565,3.985,0.0,0.404,0.295,0.275,0.187,0.212,2.402
2024,124,Cambodia,4.341,4.237,4.446,1.049,1.215,0.481,0.988,0.138,0.078,0.393
2023,119,Cambodia,4.341,4.236,4.446,1.011,1.019,0.442,0.863,0.17,0.071,0.765
2022,115,Cambodia,4.393,4.279,4.508,1.025,1.024,0.283,0.768,0.176,0.051,1.068
2021,114,Cambodia,4.64,4.516,4.765,1.019,0.732,0.505,0.74,0.166,0.068,1.41
2020,115,Cambodia,4.83,4.698,4.963,0.603,0.68,0.426,0.702,0.21,0.061,2.148
2019,106,Cambodia,4.848,4.735,4.962,0.545,1.071,0.588,0.675,0.233,0.073,1.663
2024,104,Cameroon,4.887,4.767,5.007,0.944,0.986,0.302,0.662,0.099,0.06,1.834
2023,104,Cameroon,4.874,4.753,4.996,0.943,0.856,0.288,0.521,0.126,0.06,2.08
2022,96,Cameroon,4.973,4.834,5.112,0.965,0.871,0.118,0.405,0.144,0.059,2.411
2021,102,Cameroon,5.048,4.907,5.188,0.968,0.672,0.317,0.397,0.152,0.074,2.469
2020,92,Cameroon,5.142,4.996,5.288,0.543,0.556,0.159,0.425,0.205,0.058,3.195
2019,98,Cameroon,5.085,4.953,5.217,0.504,0.9,0.27,0.439,0.198,0.054,2.719
2024,18,Canada,6.803,6.718,6.888,1.749,1.647,0.832,0.813,0.168,0.323,1.271
2023,15,Canada,6.9,6.815,6.984,1.84,1.459,0.701,0.73,0.23,0.368,1.572
2022,13,Canada,6.961,6.879,7.042,1.881,1.484,0.541,0.656,0.218,0.364,1.815
2021,15,Canada,7.025,6.943,7.107,1.886,1.188,0.783,0.659,0.217,0.368,1.924
2020,15,Canada,7.103,7.021,7.185,1.447,1.044,0.798,0.648,0.246,0.335,2.585
2019,11,Canada,7.232,7.153,7.311,1.302,1.435,1.023,0.644,0.282,0.352,2.195
2019,149,Central African Republic,3.476,3.25,3.702,0.041,0.0,0.0,0.293,0.254,0.028,2.86
2024,119,Chad,4.384,4.253,4.515,0.592,0.902,0.242,0.477,0.175,0.111,1.884
2023,113,Chad,4.471,4.313,4.63,0.603,0.805,0.199,0.411,0.218,0.113,2.122
2022,114,Chad,4.397,4.16,4.633,0.622,0.962,0.043,0.393,0.255,0.088,2.034
2021,130,Chad,4.251,3.999,4.503,0.662,0.506,0.225,0.18,0.182,0.077,2.419
2020,129,Chad,4.355,4.171,4.54,0.255,0.353,0.0,0.24,0.215,0.084,3.209
2019,127,Chad,4.423,4.275,4.57,0.302,0.739,0.109,0.229,0.211,0.086,2.747
2024,45,Chile,6.361,6.273,6.449,1.537,1.577,0.711,0.779,0.093,0.085,1.579
2023,38,Chile,6.36,6.273,6.448,1.616,1.369,0.673,0.651,0.117,0.075,1.858
2022,35,Chile,6.334,6.243,6.424,1.645,1.384,0.511,0.546,0.131,0.076,2.04
2021,44,Chile,6.172,6.082,6.262,1.651,1.08,0.748,0.46,0.124,0.069,2.04
2020,44,Chile,6.172,6.081,6.262,1.2,0.946,0.678,0.438,0.159,0.07,2.682
2019,39,Chile,6.228,6.139,6.318,1.097,1.323,0.889,0.417,0.156,0.063,2.283
2024,68,China,5.921,5.819,6.023,1.445,1.307,0.789,0.764,0.079,0.154,1.382
2023,60,China,5.973,5.885,6.061,1.497,1.239,0.629,0.704,0.132,0.164,1.608
2022,64,China,5.818,5.731,5.905,1.51,1.249,0.468,0.666,0.115,0.145,1.666
2021,72,China,5.585,5.52,5.65,1.508,0.958,0.705,0.656,0.099,0.142,1.516
2020,85,China,5.339,5.281,5.397,1.061,0.785,0.665,0.636,0.093,0.117,1.982
2019,94,China,5.124,5.073,5.175,0.991,1.132,0.867,0.602,0.079,0.117,1.336
2024,61,Colombia,6.004,5.897,6.112,1.38,1.513,0.587,0.777,0.039,0.051,1.658
2023,78,Colombia,5.695,5.584,5.806,1.437,1.241,0.648,0.644,0.072,0.059,1.596
2022,72,Colombia,5.63,5.514,5.747,1.455,1.213,0.486,0.562,0.08,0.068,1.765
2021,66,Colombia,5.781,5.659,5.903,1.452,0.929,0.72,0.545,0.087,0.077,1.971
2020,53,Colombia,6.012,5.892,6.132,1.021,0.866,0.615,0.554,0.1,0.063,2.794
2019,44,Colombia,6.163,6.053,6.274,0.932,1.334,0.81,0.527,0.092,0.046,2.422
2024,139,Comoros,3.754,3.59,3.919,0.835,0.501,0.428,0.26,0.117,0.164,1.45
2023,132,Comoros,3.566,3.378,3.754,0.896,0.328,0.37,0.172,0.128,0.16,1.512
2022,130,Comoros,3.545,3.317,3.774,0.914,0.327,0.215,0.117,0.129,0.145,1.699
2021,116,Comoros,4.609,4.368,4.849,0.899,0.476,0.424,0.185,0.195,0.125,2.304
2020,132,Comoros,4.289,4.123,4.454,0.488,0.367,0.279,0.202,0.241,0.101,2.61
2019,134,Comoros,4.289,4.123,4.454,0.416,0.723,0.437,0.181,0.259,0.1,2.173
2024,100,Congo,5.03,4.855,5.205,1.023,0.796,0.336,0.626,0.082,0.126,2.04
2023,89,Congo,5.221,5.047,5.396,0.892,0.622,0.306,0.523,0.124,0.138,2.617
2022,86,Congo,5.267,5.094,5.44,0.921,0.665,0.145,0.464,0.134,0.136,2.802
2021,99,Congo,5.075,4.915,5.235,0.95,0.405,0.355,0.431,0.13,0.146,2.658
2020,84,Congo,5.342,5.151,5.533,0.518,0.392,0.307,0.381,0.144,0.124,3.476
2019,88,Congo,5.194,5.043,5.345,0.634,0.758,0.458,0.387,0.117,0.119,2.723
2024,6,Costa Rica,7.274,7.187,7.361,1.492,1.6,0.68,0.948,0.067,0.118,2.369
2023,12,Costa Rica,6.955,6.86,7.051,1.561,1.373,0.661,0.797,0.109,0.123,2.333
2022,23,Costa Rica,6.609,6.507,6.71,1.587,1.34,0.503,0.683,0.099,0.116,2.281
2021,23,Costa Rica,6.582,6.481,6.683,1.584,1.054,0.744,0.661,0.089,0.102,2.346
2020,17,Costa Rica,7.069,6.96,7.179,1.134,0.966,0.722,0.673,0.105,0.083,3.387
2019,15,Costa Rica,7.121,7.034,7.209,0.981,1.375,0.94,0.645,0.131,0.096,2.953
2024,98,Côte dIvoire,5.102,4.967,5.238,1.038,0.76,0.206,0.661,0.1,0.162,2.176
2023,96,Côte dIvoire,5.08,4.936,5.224,1.08,0.578,0.288,0.547,0.12,0.164,2.303
2022,93,Côte dIvoire,5.053,4.907,5.198,1.094,0.584,0.12,0.467,0.138,0.131,2.519
2021,88,Côte dIvoire,5.235,5.085,5.384,1.094,0.442,0.322,0.451,0.149,0.124,2.652
2020,86,Côte dIvoire,5.306,5.152,5.46,0.669,0.409,0.052,0.438,0.177,0.092,3.469
2019,85,Côte dIvoire,5.233,5.09,5.377,0.537,0.8,0.155,0.397,0.17,0.093,3.081
2024,72,Croatia,5.87,5.777,5.963,1.644,1.673,0.669,0.478,0.022,0.065,1.319
2023,63,Croatia,5.942,5.837,6.047,1.71,1.445,0.637,0.469,0.064,0.043,1.574
2022,48,Croatia,6.125,6.013,6.237,1.727,1.455,0.475,0.5,0.087,0.003,1.88
2021,47,Croatia,6.125,6.022,6.229,1.705,1.183,0.709,0.535,0.109,0.0,1.884
2020,61,Croatia,5.882,5.788,5.975,1.251,1.039,0.703,0.453,0.111,0.0,2.325
2019,79,Croatia,5.505,5.431,5.579,1.109,1.311,0.901,0.381,0.114,0.012,1.676
2024,67,Cyprus,5.942,5.827,6.058,1.72,1.348,0.84,0.612,0.108,0.041,1.273
2023,50,Cyprus,6.068,5.954,6.182,1.794,1.217,0.744,0.529,0.124,0.049,1.611
2022,46,Cyprus,6.13,6.024,6.236,1.824,1.224,0.58,0.455,0.104,0.05,1.893
2021,41,Cyprus,6.221,6.122,6.32,1.815,0.909,0.819,0.448,0.123,0.062,2.044
2020,40,Cyprus,6.223,6.128,6.319,1.377,0.765,0.801,0.464,0.178,0.061,2.578
2019,45,Cyprus,6.159,6.06,6.258,1.213,1.149,1.026,0.459,0.228,0.051,2.032
2024,20,Czechia,6.775,6.696,6.854,1.692,1.716,0.658,0.916,0.118,0.084,1.591
2023,18,Czechia,6.822,6.741,6.903,1.783,1.511,0.638,0.787,0.177,0.068,1.858
2022,18,Czechia,6.845,6.759,6.931,1.823,1.544,0.477,0.693,0.158,0.05,2.099
2021,18,Czechia,6.92,6.811,7.029,1.815,1.26,0.715,0.66,0.158,0.048,2.263
2020,19,Czechia,6.965,6.868,7.062,1.37,1.09,0.703,0.58,0.052,0.046,3.124
2019,19,Czechia,6.911,6.827,6.995,1.212,1.405,0.895,0.506,0.046,0.05,2.797
2024,2,Denmark,7.521,7.431,7.611,1.825,1.748,0.82,0.955,0.15,0.488,1.535
2023,2,Denmark,7.583,7.5,7.665,1.908,1.52,0.699,0.823,0.204,0.548,1.881
2022,2,Denmark,7.586,7.506,7.667,1.949,1.548,0.537,0.734,0.208,0.525,2.084
2021,2,Denmark,7.636,7.563,7.71,1.953,1.243,0.777,0.719,0.188,0.532,2.226
2020,3,Denmark,7.62,7.552,7.687,1.502,1.108,0.763,0.686,0.208,0.485,2.868
2019,2,Denmark,7.646,7.58,7.711,1.327,1.503,0.979,0.665,0.243,0.495,2.433
2024,76,Dominican Republic,5.846,5.705,5.988,1.457,1.5,0.615,0.866,0.063,0.186,1.16
2023,69,Dominican Republic,5.823,5.679,5.967,1.517,1.272,0.511,0.73,0.086,0.196,1.512
2022,73,Dominican Republic,5.569,5.426,5.712,1.536,1.227,0.351,0.623,0.083,0.195,1.553
2021,69,Dominican Republic,5.737,5.601,5.873,1.538,1.003,0.577,0.606,0.084,0.179,1.751
2020,74,Dominican Republic,5.545,5.405,5.685,1.106,0.879,0.555,0.581,0.101,0.144,2.178
2019,68,Dominican Republic,5.689,5.552,5.826,0.983,1.329,0.742,0.563,0.112,0.116,1.844
2024,141,DR Congo,3.469,3.331,3.608,0.544,0.929,0.278,0.6,0.151,0.061,0.906
2023,139,DR Congo,3.295,3.128,3.462,0.534,0.665,0.262,0.473,0.189,0.072,1.102
2022,133,DR Congo,3.207,3.02,3.394,0.531,0.784,0.105,0.375,0.183,0.068,1.162
2019,131,DR Congo,4.311,4.097,4.525,0.062,0.833,0.277,0.365,0.254,0.081,2.438
2024,62,Ecuador,5.965,5.848,6.083,1.299,1.32,0.702,0.712,0.058,0.066,1.808
2023,74,Ecuador,5.725,5.599,5.85,1.315,1.151,0.64,0.606,0.087,0.078,1.846
2022,74,Ecuador,5.559,5.436,5.682,1.343,1.173,0.476,0.56,0.079,0.069,1.86
2021,76,Ecuador,5.533,5.414,5.653,1.352,0.879,0.708,0.565,0.08,0.083,1.866
2020,67,Ecuador,5.764,5.653,5.875,0.935,0.806,0.64,0.56,0.107,0.062,2.653
2019,58,Ecuador,5.925,5.822,6.029,0.853,1.221,0.839,0.555,0.115,0.087,2.255
2024,135,Egypt,3.817,3.725,3.909,1.347,1.075,0.473,0.593,0.018,0.103,0.21
2023,127,Egypt,3.977,3.887,4.066,1.37,0.996,0.488,0.49,0.025,0.259,0.349
2022,121,Egypt,4.17,4.054,4.287,1.377,0.972,0.326,0.467,0.038,0.25,0.74
2021,129,Egypt,4.288,4.198,4.377,1.388,0.732,0.548,0.469,0.041,0.254,0.856
2020,133,Egypt,4.283,4.195,4.371,0.954,0.647,0.426,0.446,0.069,0.092,1.648
2019,138,Egypt,4.151,4.081,4.222,0.875,0.983,0.597,0.374,0.069,0.095,1.159
2024,37,El Salvador,6.492,6.365,6.619,1.222,1.228,0.559,0.955,0.054,0.264,2.211
2023,33,El Salvador,6.469,6.338,6.599,1.265,1.08,0.549,0.816,0.083,0.253,2.424
2022,50,El Salvador,6.122,5.986,6.257,1.278,1.044,0.383,0.713,0.079,0.222,2.403
2021,49,El Salvador,6.12,5.99,6.25,1.265,0.768,0.607,0.666,0.089,0.212,2.514
2020,50,El Salvador,6.061,5.933,6.188,0.845,0.675,0.565,0.615,0.116,0.16,3.085
2019,34,El Salvador,6.348,6.234,6.462,0.749,1.149,0.753,0.524,0.119,0.117,2.937
2024,39,Estonia,6.417,6.337,6.497,1.65,1.716,0.642,0.902,0.128,0.378,1.001
2023,34,Estonia,6.448,6.371,6.524,1.752,1.527,0.657,0.805,0.166,0.401,1.138
2022,31,Estonia,6.455,6.377,6.534,1.798,1.526,0.494,0.728,0.153,0.372,1.383
2021,36,Estonia,6.341,6.266,6.415,1.793,1.232,0.728,0.689,0.123,0.333,1.442
2020,41,Estonia,6.189,6.115,6.263,1.344,1.079,0.64,0.641,0.119,0.263,2.103
2019,51,Estonia,6.022,5.951,6.092,1.192,1.453,0.843,0.577,0.125,0.202,1.63
2024,137,Eswatini,3.774,3.654,3.893,1.183,1.152,0.038,0.428,0.054,0.13,0.79
2023,135,Eswatini,3.502,3.331,3.673,1.255,0.925,0.176,0.284,0.059,0.116,0.686
2021,125,Eswatini,4.396,4.185,4.607,1.274,0.786,0.197,0.259,0.038,0.154,1.688
2024,132,Ethiopia,3.898,3.786,4.011,0.757,1.051,0.416,0.54,0.182,0.1,0.852
2023,130,Ethiopia,3.861,3.725,3.997,0.792,0.915,0.42,0.441,0.27,0.101,0.923
2022,124,Ethiopia,4.091,3.908,4.273,0.793,1.114,0.25,0.451,0.283,0.101,1.099
2021,131,Ethiopia,4.241,4.118,4.365,0.788,0.809,0.457,0.472,0.205,0.136,1.375
2020,134,Ethiopia,4.275,4.175,4.374,0.37,0.679,0.331,0.451,0.241,0.114,2.089
2019,136,Ethiopia,4.186,4.11,4.262,0.315,1.001,0.484,0.413,0.228,0.117,1.628
2024,1,Finland,7.736,7.662,7.81,1.749,1.783,0.824,0.986,0.11,0.502,1.782
2023,1,Finland,7.741,7.667,7.815,1.844,1.572,0.695,0.859,0.142,0.546,2.082
2022,1,Finland,7.804,7.733,7.875,1.888,1.585,0.535,0.772,0.126,0.535,2.363
2021,1,Finland,7.821,7.756,7.886,1.892,1.258,0.775,0.736,0.109,0.534,2.518
2020,2,Finland,7.842,7.78,7.904,1.446,1.106,0.741,0.691,0.124,0.481,3.253
2019,1,Finland,7.809,7.748,7.87,1.285,1.5,0.961,0.662,0.16,0.478,2.763
2024,33,France,6.593,6.517,6.668,1.733,1.535,0.832,0.743,0.099,0.264,1.386
2023,27,France,6.609,6.533,6.685,1.818,1.348,0.727,0.65,0.112,0.281,1.672
2022,21,France,6.661,6.588,6.735,1.856,1.433,0.566,0.582,0.083,0.27,1.872
2021,20,France,6.687,6.615,6.758,1.863,1.219,0.808,0.567,0.07,0.266,1.895
2020,22,France,6.69,6.618,6.762,1.421,1.081,0.804,0.536,0.092,0.235,2.521
2019,23,France,6.664,6.59,6.737,1.268,1.459,1.03,0.514,0.113,0.227,2.053
2024,97,Gabon,5.12,4.985,5.256,1.386,1.224,0.387,0.651,0.042,0.086,1.343
2023,95,Gabon,5.106,4.969,5.243,1.403,1.038,0.344,0.516,0.045,0.1,1.66
2022,94,Gabon,5.035,4.894,5.175,1.438,1.021,0.183,0.346,0.036,0.102,1.908
2021,106,Gabon,4.958,4.826,5.091,1.459,0.738,0.396,0.343,0.032,0.099,1.892
2020,113,Gabon,4.852,4.706,4.998,1.037,0.707,0.362,0.424,0.058,0.064,2.201
2019,108,Gabon,4.829,4.711,4.947,0.988,1.106,0.523,0.369,0.052,0.056,1.735
2024,117,Gambia,4.423,4.315,4.53,0.778,0.958,0.348,0.611,0.255,0.045,1.428
2023,112,Gambia,4.485,4.344,4.625,0.75,0.684,0.33,0.459,0.324,0.048,1.89
2022,119,Gambia,4.279,4.075,4.484,0.761,0.614,0.174,0.286,0.332,0.033,2.081
2021,93,Gambia,5.164,4.918,5.409,0.785,0.621,0.369,0.367,0.388,0.103,2.531
2020,99,Gambia,5.051,4.877,5.225,0.367,0.511,0.21,0.384,0.465,0.123,2.99
2019,113,Gambia,4.751,4.619,4.882,0.257,0.883,0.353,0.403,0.426,0.158,2.27
2024,91,Georgia,5.4,5.304,5.496,1.444,1.275,0.482,0.844,0.0,0.172,1.182
2023,91,Georgia,5.185,5.087,5.283,1.467,0.99,0.524,0.68,0.0,0.174,1.349
2022,90,Georgia,5.109,5.0,5.219,1.477,0.947,0.366,0.539,0.0,0.201,1.58
2021,105,Georgia,4.973,4.867,5.079,1.467,0.612,0.595,0.508,0.0,0.208,1.583
2020,109,Georgia,4.891,4.785,4.998,1.03,0.47,0.498,0.488,0.032,0.181,2.191
2019,117,Georgia,4.673,4.588,4.758,0.847,0.731,0.695,0.485,0.048,0.174,1.692
2024,22,Germany,6.753,6.652,6.854,1.785,1.625,0.776,0.858,0.148,0.351,1.21
2023,24,Germany,6.719,6.622,6.815,1.871,1.39,0.702,0.7,0.174,0.368,1.513
2022,16,Germany,6.892,6.795,6.989,1.919,1.401,0.539,0.618,0.153,0.365,1.898
2021,14,Germany,7.034,6.947,7.122,1.924,1.088,0.776,0.585,0.163,0.358,2.142
2020,14,Germany,7.155,7.077,7.232,1.48,0.993,0.757,0.6,0.195,0.306,2.824
2019,17,Germany,7.076,7.006,7.146,1.314,1.369,0.972,0.564,0.252,0.309,2.295
2024,125,Ghana,4.34,4.235,4.444,1.053,1.01,0.438,0.771,0.139,0.025,0.904
2023,120,Ghana,4.289,4.182,4.396,1.077,0.747,0.36,0.623,0.183,0.028,1.273
2022,107,Ghana,4.605,4.481,4.729,1.101,0.756,0.197,0.526,0.211,0.035,1.779
2021,111,Ghana,4.872,4.745,4.999,1.112,0.595,0.409,0.5,0.23,0.056,1.972
2020,96,Ghana,5.088,4.958,5.219,0.68,0.595,0.287,0.517,0.268,0.058,2.684
2019,91,Ghana,5.148,5.033,5.263,0.576,0.966,0.432,0.477,0.261,0.057,2.378
2024,81,Greece,5.776,5.677,5.875,1.608,1.438,0.725,0.396,0.003,0.063,1.543
2023,64,Greece,5.934,5.84,6.027,1.684,1.276,0.696,0.337,0.018,0.093,1.83
2022,58,Greece,5.931,5.838,6.024,1.708,1.247,0.535,0.248,0.008,0.097,2.089
2021,58,Greece,5.948,5.853,6.043,1.703,0.98,0.774,0.249,0.015,0.108,2.119
2020,69,Greece,5.723,5.632,5.813,1.273,0.811,0.76,0.243,0.0,0.074,2.561
2019,77,Greece,5.515,5.423,5.607,1.128,1.169,0.979,0.174,0.0,0.049,2.016
2024,44,Guatemala,6.362,6.222,6.503,1.249,1.33,0.376,0.882,0.075,0.085,2.365
2023,42,Guatemala,6.287,6.117,6.457,1.26,1.169,0.467,0.735,0.105,0.078,2.473
2022,43,Guatemala,6.15,5.939,6.362,1.287,1.188,0.31,0.631,0.106,0.066,2.562
2021,39,Guatemala,6.262,6.064,6.46,1.274,0.831,0.522,0.662,0.112,0.115,2.746
2020,31,Guatemala,6.435,6.292,6.577,0.845,0.79,0.519,0.638,0.163,0.105,3.375
2019,29,Guatemala,6.399,6.284,6.513,0.754,1.174,0.706,0.613,0.171,0.098,2.883
2024,102,Guinea,4.929,4.787,5.07,0.873,0.791,0.306,0.676,0.157,0.098,2.027
2023,97,Guinea,5.023,4.881,5.166,0.831,0.622,0.236,0.521,0.21,0.107,2.497
2022,91,Guinea,5.072,4.931,5.213,0.844,0.776,0.072,0.369,0.204,0.102,2.705
2021,109,Guinea,4.891,4.753,5.028,0.848,0.566,0.275,0.334,0.214,0.116,2.538
2020,103,Guinea,4.984,4.808,5.16,0.42,0.399,0.206,0.384,0.25,0.111,3.216
2019,102,Guinea,4.949,4.806,5.092,0.39,0.751,0.334,0.372,0.249,0.112,2.741
2020,144,Haiti,3.615,3.276,3.953,0.294,0.173,0.227,0.257,0.463,0.139,2.06
2019,142,Haiti,3.721,3.522,3.92,0.285,0.647,0.374,0.169,0.464,0.162,1.62
2024,63,Honduras,5.964,5.821,6.108,1.036,1.187,0.436,0.862,0.134,0.079,2.229
2023,61,Honduras,5.968,5.822,6.114,1.091,1.035,0.502,0.72,0.175,0.081,2.364
2022,53,Honduras,6.023,5.849,6.196,1.115,1.072,0.341,0.613,0.189,0.062,2.631
2021,55,Honduras,6.022,5.855,6.189,1.111,0.885,0.555,0.582,0.202,0.076,2.611
2020,60,Honduras,5.919,5.758,6.081,0.703,0.787,0.593,0.578,0.241,0.083,2.934
2019,56,Honduras,5.953,5.824,6.082,0.599,1.187,0.792,0.568,0.257,0.087,2.464
2024,88,Hong Kong SAR of China,5.491,5.417,5.566,1.79,1.41,0.948,0.674,0.116,0.386,0.168
2023,86,Hong Kong SAR of China,5.316,5.229,5.403,1.909,1.184,0.857,0.485,0.147,0.402,0.333
2022,82,Hong Kong SAR of China,5.308,5.214,5.403,1.951,1.201,0.702,0.407,0.123,0.39,0.535
2021,81,Hong Kong SAR of China,5.425,5.348,5.501,1.957,0.954,0.942,0.4,0.147,0.383,0.642
2020,78,Hong Kong SAR of China,5.477,5.38,5.573,1.525,0.841,0.893,0.408,0.232,0.342,1.236
2019,78,Hong Kong SAR of China,5.51,5.42,5.601,1.377,1.244,1.137,0.459,0.288,0.332,0.673
2024,69,Hungary,5.915,5.809,6.02,1.638,1.742,0.587,0.681,0.099,0.057,1.111
2023,56,Hungary,6.017,5.91,6.124,1.722,1.528,0.596,0.581,0.123,0.067,1.4
2022,51,Hungary,6.041,5.933,6.149,1.754,1.519,0.435,0.501,0.105,0.065,1.663
2021,51,Hungary,6.086,5.985,6.187,1.748,1.233,0.668,0.485,0.078,0.064,1.812
2020,54,Hungary,5.992,5.899,6.085,1.301,1.083,0.615,0.454,0.067,0.04,2.432
2019,53,Hungary,6.0,5.923,6.078,1.164,1.423,0.807,0.386,0.07,0.028,2.122
2024,3,Iceland,7.515,7.425,7.606,1.799,1.84,0.873,0.971,0.201,0.173,1.659
2023,3,Iceland,7.525,7.433,7.618,1.881,1.617,0.718,0.819,0.258,0.182,2.05
2022,3,Iceland,7.53,7.434,7.625,1.926,1.62,0.559,0.738,0.25,0.187,2.25
2021,3,Iceland,7.557,7.464,7.651,1.936,1.32,0.803,0.718,0.27,0.191,2.32
2020,5,Iceland,7.554,7.438,7.67,1.482,1.172,0.772,0.698,0.293,0.17,2.967
2019,4,Iceland,7.504,7.388,7.621,1.327,1.548,1.001,0.662,0.362,0.145,2.461
2024,118,India,4.389,4.32,4.457,1.149,0.86,0.316,0.914,0.141,0.12,0.889
2023,126,India,4.054,3.985,4.123,1.166,0.653,0.417,0.767,0.174,0.122,0.756
2022,126,India,4.036,3.98,4.092,1.159,0.674,0.252,0.685,0.175,0.111,0.979
2021,136,India,3.777,3.726,3.828,1.167,0.376,0.471,0.647,0.198,0.123,0.795
2020,140,India,3.819,3.769,3.869,0.741,0.316,0.383,0.622,0.246,0.106,1.405
2019,144,India,3.573,3.519,3.628,0.731,0.644,0.541,0.581,0.237,0.106,0.734
2024,83,Indonesia,5.617,5.516,5.717,1.288,1.372,0.454,0.918,0.323,0.044,1.218
2023,80,Indonesia,5.568,5.466,5.67,1.361,1.184,0.472,0.779,0.399,0.055,1.318
2022,84,Indonesia,5.277,5.161,5.392,1.384,1.169,0.314,0.663,0.422,0.038,1.288
2021,87,Indonesia,5.24,5.139,5.341,1.382,0.883,0.539,0.62,0.468,0.047,1.3
2020,83,Indonesia,5.345,5.235,5.454,0.954,0.786,0.433,0.598,0.541,0.046,1.987
2019,84,Indonesia,5.286,5.192,5.379,0.892,1.155,0.61,0.568,0.543,0.038,1.48
2024,99,Iran,5.093,4.994,5.193,1.33,1.367,0.609,0.456,0.202,0.122,1.007
2023,100,Iran,4.923,4.822,5.024,1.435,1.136,0.571,0.366,0.235,0.123,1.057
2022,101,Iran,4.876,4.772,4.98,1.465,1.102,0.411,0.281,0.229,0.13,1.259
2021,110,Iran,4.888,4.78,4.995,1.41,0.741,0.642,0.281,0.241,0.146,1.427
2020,119,Iran,4.721,4.614,4.828,1.03,0.557,0.561,0.275,0.33,0.144,1.823
2019,118,Iran,4.672,4.563,4.782,1.029,0.886,0.749,0.301,0.277,0.143,1.287
2024,101,Iraq,4.976,4.866,5.085,1.261,1.275,0.589,0.503,0.1,0.069,1.178
2023,92,Iraq,5.166,5.049,5.283,1.249,0.996,0.498,0.425,0.141,0.048,1.809
2022,98,Iraq,4.941,4.783,5.099,1.281,0.953,0.324,0.351,0.134,0.038,1.861
2021,107,Iraq,4.941,4.783,5.099,1.289,0.682,0.554,0.328,0.147,0.046,1.894
2020,112,Iraq,4.854,4.738,4.97,0.91,0.638,0.381,0.302,0.153,0.041,2.429
2019,110,Iraq,4.785,4.632,4.937,0.982,1.011,0.529,0.284,0.153,0.073,1.752
2024,15,Ireland,6.889,6.801,6.977,1.988,1.659,0.823,0.906,0.179,0.382,0.952
2023,17,Ireland,6.838,6.749,6.927,2.129,1.39,0.7,0.758,0.205,0.418,1.239
2022,14,Ireland,6.911,6.825,6.996,2.152,1.425,0.539,0.656,0.186,0.409,1.545
2021,13,Ireland,7.041,6.961,7.121,2.129,1.166,0.779,0.627,0.19,0.408,1.743
2020,16,Ireland,7.085,7.006,7.164,1.644,1.092,0.753,0.606,0.238,0.367,2.384
2019,16,Ireland,7.094,7.016,7.172,1.447,1.471,0.976,0.588,0.295,0.373,1.944
2024,8,Israel,7.234,7.168,7.301,1.695,1.743,0.824,0.74,0.144,0.193,1.895
2023,5,Israel,7.341,7.277,7.405,1.803,1.513,0.74,0.641,0.153,0.193,2.298
2022,4,Israel,7.473,7.411,7.535,1.833,1.521,0.577,0.569,0.124,0.158,2.691
2021,9,Israel,7.364,7.301,7.426,1.826,1.221,0.818,0.568,0.155,0.143,2.634
2020,13,Israel,7.157,7.09,7.224,1.376,1.074,0.788,0.509,0.208,0.119,3.083
2019,14,Israel,7.129,7.045,7.212,1.216,1.403,1.008,0.421,0.267,0.1,2.713
2024,40,Italy,6.415,6.309,6.521,1.724,1.526,0.852,0.641,0.082,0.071,1.517
2023,41,Italy,6.324,6.211,6.436,1.8,1.328,0.72,0.513,0.112,0.074,1.777
2022,33,Italy,6.405,6.298,6.511,1.832,1.365,0.559,0.438,0.097,0.063,2.052
2021,31,Italy,6.467,6.363,6.57,1.834,1.052,0.801,0.412,0.085,0.059,2.222
2020,29,Italy,6.483,6.395,6.572,1.393,0.94,0.798,0.379,0.133,0.047,2.794
2019,30,Italy,6.387,6.303,6.472,1.236,1.347,1.023,0.321,0.17,0.04,2.25
2024,73,Jamaica,5.87,5.563,6.178,1.182,1.545,0.504,0.869,0.075,0.019,1.676
2023,67,Jamaica,5.842,5.624,6.059,1.28,1.324,0.567,0.647,0.089,0.028,1.907
2022,68,Jamaica,5.703,5.529,5.876,1.305,1.329,0.411,0.587,0.079,0.039,1.954
2021,63,Jamaica,5.85,5.676,6.023,1.296,1.045,0.646,0.567,0.08,0.053,2.164
2020,38,Jamaica,6.309,6.004,6.615,0.891,0.932,0.599,0.618,0.099,0.035,3.135
2019,60,Jamaica,5.89,5.653,6.126,0.779,1.408,0.788,0.553,0.116,0.03,2.214
2024,55,Japan,6.147,6.063,6.23,1.678,1.55,0.921,0.746,0.014,0.2,1.038
2023,51,Japan,6.06,5.976,6.144,1.786,1.354,0.785,0.632,0.023,0.219,1.261
2022,47,Japan,6.129,6.047,6.211,1.825,1.396,0.622,0.556,0.009,0.207,1.513
2021,54,Japan,6.039,5.959,6.119,1.835,1.089,0.866,0.537,0.007,0.218,1.487
2020,57,Japan,5.94,5.861,6.02,1.389,0.949,0.838,0.504,0.02,0.192,2.048
2019,62,Japan,5.871,5.79,5.952,1.267,1.332,1.073,0.495,0.036,0.181,1.486
2024,128,Jordan,4.31,4.193,4.426,1.158,1.202,0.573,0.7,0.051,0.164,0.461
2023,125,Jordan,4.186,4.066,4.306,1.262,0.983,0.594,0.593,0.059,0.189,0.504
2022,123,Jordan,4.12,3.997,4.242,1.292,0.98,0.438,0.517,0.056,0.173,0.663
2021,134,Jordan,4.152,4.029,4.276,1.324,0.724,0.675,0.476,0.058,0.2,0.695
2020,128,Jordan,4.395,4.273,4.516,0.89,0.685,0.583,0.455,0.079,0.15,1.553
2019,119,Jordan,4.633,4.518,4.749,0.785,1.14,0.778,0.425,0.091,0.152,1.262
2024,43,Kazakhstan,6.378,6.294,6.462,1.586,1.688,0.504,0.878,0.111,0.118,1.492
2023,49,Kazakhstan,6.188,6.097,6.278,1.622,1.457,0.556,0.733,0.149,0.12,1.551
2022,44,Kazakhstan,6.144,6.049,6.239,1.664,1.491,0.389,0.628,0.136,0.149,1.688
2021,40,Kazakhstan,6.234,6.138,6.33,1.668,1.22,0.611,0.584,0.134,0.157,1.86
2020,46,Kazakhstan,6.152,6.06,6.243,1.23,1.103,0.527,0.573,0.143,0.132,2.446
2019,50,Kazakhstan,6.058,5.973,6.143,1.123,1.453,0.699,0.497,0.154,0.11,2.022
2024,115,Kenya,4.51,4.384,4.636,0.994,1.047,0.448,0.649,0.22,0.073,1.079
2023,114,Kenya,4.47,4.344,4.595,1.037,0.895,0.353,0.519,0.282,0.069,1.316
2022,111,Kenya,4.487,4.357,4.616,1.051,0.881,0.19,0.418,0.291,0.055,1.601
2021,119,Kenya,4.543,4.403,4.683,1.032,0.605,0.401,0.44,0.322,0.082,1.661
2020,122,Kenya,4.607,4.466,4.747,0.603,0.508,0.385,0.483,0.375,0.073,2.18
2019,121,Kenya,4.583,4.45,4.716,0.476,0.905,0.536,0.519,0.394,0.067,1.685
2024,29,Kosovo,6.659,6.557,6.761,1.281,1.454,0.896,0.893,0.201,0.087,1.847
2023,29,Kosovo,6.561,6.455,6.667,1.364,1.277,0.599,0.739,0.254,0.073,2.255
2022,34,Kosovo,6.368,6.25,6.485,1.374,1.269,0.372,0.639,0.275,0.045,2.393
2021,32,Kosovo,6.455,6.339,6.571,1.362,0.949,0.569,0.599,0.309,0.035,2.631
2020,34,Kosovo,6.372,6.257,6.487,0.937,0.807,0.483,0.593,0.356,0.014,3.182
2019,35,Kosovo,6.325,6.223,6.428,0.84,1.184,0.673,0.557,0.325,0.009,2.737
2024,30,Kuwait,6.629,6.52,6.738,1.691,1.481,0.766,0.934,0.143,0.167,1.448
2023,13,Kuwait,6.951,6.843,7.06,1.845,1.364,0.661,0.827,0.2,0.172,1.884
2021,50,Kuwait,6.106,5.977,6.235,1.904,0.983,0.747,0.617,0.087,0.147,1.621
2020,48,Kuwait,6.106,5.977,6.235,1.461,0.857,0.58,0.591,0.12,0.13,2.368
2019,48,Kuwait,6.102,5.998,6.207,1.425,1.245,0.776,0.57,0.133,0.113,1.84
2024,75,Kyrgyzstan,5.858,5.778,5.938,1.032,1.715,0.647,0.981,0.169,0.053,1.261
2023,75,Kyrgyzstan,5.714,5.632,5.795,1.054,1.477,0.588,0.834,0.225,0.03,1.505
2022,62,Kyrgyzstan,5.825,5.737,5.913,1.061,1.439,0.417,0.735,0.234,0.018,1.92
2021,64,Kyrgyzstan,5.828,5.741,5.916,1.069,1.109,0.638,0.693,0.208,0.025,2.087
2020,68,Kyrgyzstan,5.744,5.653,5.834,0.665,0.971,0.501,0.673,0.266,0.02,2.648
2019,74,Kyrgyzstan,5.542,5.456,5.627,0.513,1.341,0.681,0.615,0.301,0.03,2.06
2024,93,Lao PDR,5.301,5.179,5.422,1.122,1.01,0.493,0.916,0.145,0.164,1.452
2023,94,Lao PDR,5.139,5.017,5.261,1.208,0.846,0.423,0.796,0.17,0.167,1.529
2022,89,Lao PDR,5.111,4.952,5.269,1.232,0.853,0.257,0.715,0.185,0.162,1.707
2021,95,Lao PDR,5.14,5.018,5.263,1.239,0.654,0.479,0.679,0.197,0.184,1.709
2020,101,Lao PDR,5.03,4.941,5.119,0.808,0.598,0.33,0.643,0.268,0.179,2.204
2019,104,Lao PDR,4.889,4.81,4.968,0.715,0.987,0.486,0.612,0.273,0.194,1.621
2024,51,Latvia,6.207,6.123,6.292,1.619,1.711,0.503,0.789,0.108,0.082,1.396
2023,46,Latvia,6.234,6.155,6.314,1.7,1.508,0.564,0.666,0.127,0.078,1.59
2022,41,Latvia,6.213,6.131,6.295,1.737,1.505,0.405,0.58,0.107,0.071,1.808
2021,42,Latvia,6.18,6.106,6.255,1.732,1.221,0.637,0.502,0.075,0.09,1.923
2020,52,Latvia,6.032,5.961,6.103,1.285,1.047,0.587,0.405,0.082,0.089,2.536
2019,57,Latvia,5.95,5.882,6.018,1.141,1.414,0.778,0.329,0.075,0.09,2.121
2024,145,Lebanon,3.188,3.098,3.277,1.223,0.984,0.44,0.279,0.071,0.041,0.15
2023,142,Lebanon,2.707,2.616,2.797,1.377,0.577,0.556,0.173,0.068,0.029,-0.073
2022,136,Lebanon,2.392,2.305,2.479,1.417,0.476,0.398,0.123,0.061,0.027,-0.11
2021,145,Lebanon,2.955,2.862,3.049,1.392,0.498,0.631,0.103,0.082,0.034,0.216
2020,124,Lebanon,4.584,4.477,4.691,1.045,0.868,0.595,0.175,0.14,0.026,1.736
2019,111,Lebanon,4.772,4.686,4.857,0.889,1.192,0.789,0.186,0.159,0.022,1.536
2024,138,Lesotho,3.757,3.558,3.957,0.737,1.131,0.0,0.606,0.065,0.072,1.145
2023,141,Lesotho,3.186,2.904,3.469,0.771,0.851,0.0,0.523,0.082,0.085,0.875
2021,141,Lesotho,3.512,3.276,3.748,0.839,0.848,0.0,0.419,0.076,0.018,1.312
2020,146,Lesotho,3.512,3.276,3.748,0.451,0.731,0.007,0.405,0.103,0.015,1.8
2019,143,Lesotho,3.653,3.492,3.814,0.455,1.089,0.101,0.409,0.103,0.05,1.446
2024,129,Liberia,4.277,4.111,4.444,0.582,0.888,0.324,0.653,0.143,0.068,1.618
2023,121,Liberia,4.269,4.063,4.474,0.619,0.673,0.301,0.546,0.178,0.075,1.878
2022,125,Liberia,4.042,3.76,4.325,0.628,0.644,0.141,0.471,0.219,0.071,1.869
2021,97,Liberia,5.122,4.815,5.428,0.636,0.67,0.309,0.405,0.178,0.08,2.844
2020,121,Liberia,4.625,4.417,4.833,0.228,0.58,0.253,0.43,0.221,0.057,2.857
2019,124,Liberia,4.558,4.397,4.719,0.174,0.921,0.392,0.406,0.227,0.051,2.387
2024,79,Libya,5.82,5.727,5.913,1.247,1.309,0.549,0.724,0.111,0.214,1.666
2023,66,Libya,5.866,5.746,5.987,1.526,1.1,0.55,0.592,0.111,0.204,1.785
2021,86,Libya,5.33,5.118,5.543,1.476,0.943,0.606,0.477,0.106,0.179,1.544
2020,81,Libya,5.41,5.262,5.558,1.044,0.821,0.435,0.474,0.131,0.174,2.331
2019,80,Libya,5.489,5.37,5.608,1.022,1.196,0.616,0.451,0.143,0.172,1.889
2024,16,Lithuania,6.829,6.746,6.912,1.684,1.699,0.592,0.702,0.031,0.123,1.998
2023,19,Lithuania,6.818,6.739,6.896,1.766,1.454,0.598,0.533,0.044,0.116,2.307
2022,20,Lithuania,6.763,6.677,6.849,1.808,1.511,0.432,0.487,0.059,0.089,2.377
2021,34,Lithuania,6.446,6.356,6.535,1.804,1.204,0.659,0.496,0.053,0.077,2.153
2020,39,Lithuania,6.255,6.167,6.344,1.35,1.065,0.612,0.476,0.056,0.073,2.624
2019,41,Lithuania,6.215,6.129,6.302,1.194,1.433,0.795,0.42,0.054,0.081,2.238
2024,9,Luxembourg,7.122,7.031,7.213,2.028,1.558,0.864,0.931,0.117,0.397,1.227
2023,8,Luxembourg,7.122,7.031,7.213,2.141,1.355,0.708,0.801,0.146,0.432,1.54
2022,9,Luxembourg,7.228,7.093,7.363,2.2,1.357,0.549,0.71,0.149,0.418,1.845
2021,6,Luxembourg,7.404,7.307,7.501,2.209,1.155,0.79,0.7,0.12,0.388,2.042
2020,9,Luxembourg,7.324,7.252,7.396,1.751,1.003,0.76,0.639,0.166,0.353,2.653
2019,10,Luxembourg,7.238,7.177,7.298,1.537,1.388,0.986,0.61,0.196,0.367,2.154
2024,130,Madagascar,4.157,4.05,4.265,0.588,0.938,0.341,0.292,0.131,0.118,1.751
2023,123,Madagascar,4.228,4.097,4.359,0.628,0.823,0.333,0.25,0.172,0.123,1.897
2022,127,Madagascar,4.019,3.839,4.199,0.632,0.779,0.178,0.187,0.177,0.134,1.932
2021,128,Madagascar,4.339,4.148,4.53,0.67,0.645,0.378,0.202,0.143,0.154,2.148
2020,136,Madagascar,4.208,4.068,4.349,0.266,0.503,0.341,0.207,0.185,0.087,2.62
2019,137,Madagascar,4.166,4.053,4.278,0.245,0.824,0.501,0.193,0.191,0.076,2.136
2024,144,Malawi,3.26,3.13,3.39,0.588,0.489,0.28,0.677,0.115,0.136,0.975
2023,136,Malawi,3.421,3.281,3.561,0.617,0.41,0.349,0.571,0.135,0.136,1.203
2022,131,Malawi,3.495,3.32,3.671,0.637,0.479,0.189,0.49,0.139,0.129,1.432
2021,138,Malawi,3.75,3.56,3.941,0.648,0.279,0.388,0.477,0.14,0.157,1.661
2020,145,Malawi,3.6,3.419,3.781,0.113,0.168,0.298,0.484,0.213,0.134,2.19
2019,145,Malawi,3.538,3.4,3.676,0.177,0.53,0.446,0.487,0.213,0.132,1.553
2024,64,Malaysia,5.955,5.854,6.055,1.571,1.315,0.446,0.991,0.181,0.11,1.341
2023,59,Malaysia,5.975,5.872,6.078,1.646,1.143,0.54,0.829,0.226,0.119,1.473
2022,55,Malaysia,6.012,5.858,6.167,1.665,1.155,0.385,0.659,0.222,0.122,1.804
2021,70,Malaysia,5.711,5.578,5.845,1.689,0.938,0.62,0.654,0.213,0.126,1.471
2020,82,Malaysia,5.384,5.289,5.48,1.259,0.797,0.587,0.624,0.27,0.064,1.784
2019,82,Malaysia,5.384,5.289,5.48,1.168,1.174,0.789,0.597,0.275,0.062,1.319
2020,90,Maldives,5.198,5.057,5.339,1.115,1.015,0.697,0.575,0.204,0.073,1.52
2019,87,Maldives,5.198,5.057,5.339,0.938,1.402,0.914,0.548,0.224,0.072,1.099
2024,123,Mali,4.345,4.232,4.457,0.709,0.908,0.318,0.767,0.093,0.114,1.436
2023,122,Mali,4.232,4.117,4.347,0.747,0.688,0.267,0.586,0.12,0.09,1.734
2022,120,Mali,4.198,4.076,4.319,0.763,0.637,0.106,0.441,0.121,0.059,2.07
2021,123,Mali,4.479,4.347,4.611,0.792,0.483,0.311,0.35,0.128,0.042,2.373
2020,118,Mali,4.723,4.563,4.884,0.387,0.59,0.11,0.384,0.164,0.072,3.016
2019,114,Mali,4.729,4.603,4.855,0.352,0.973,0.235,0.378,0.17,0.062,2.559
2024,48,Malta,6.316,6.234,6.398,1.76,1.671,0.837,0.837,0.217,0.115,0.879
2023,40,Malta,6.346,6.261,6.43,1.827,1.444,0.707,0.727,0.25,0.125,1.267
2022,37,Malta,6.3,6.212,6.388,1.841,1.468,0.547,0.671,0.2,0.143,1.429
2021,33,Malta,6.447,6.359,6.535,1.838,1.169,0.789,0.679,0.174,0.166,1.631
2020,24,Malta,6.602,6.516,6.688,1.411,1.055,0.747,0.664,0.275,0.183,2.268
2019,22,Malta,6.773,6.689,6.857,1.253,1.443,0.972,0.633,0.341,0.179,1.952
2024,114,Mauritania,4.542,4.408,4.676,1.023,0.919,0.516,0.454,0.113,0.195,1.323
2023,111,Mauritania,4.505,4.337,4.673,1.078,0.705,0.4,0.343,0.133,0.198,1.649
2022,103,Mauritania,4.724,4.437,5.011,1.099,0.764,0.244,0.32,0.13,0.195,1.973
2021,133,Mauritania,4.153,3.95,4.356,1.1,0.865,0.45,0.304,0.088,0.138,1.207
2020,135,Mauritania,4.227,4.09,4.365,0.666,0.749,0.273,0.218,0.119,0.133,2.069
2019,129,Mauritania,4.375,4.267,4.483,0.54,1.113,0.425,0.186,0.129,0.122,1.86
2024,78,Mauritius,5.832,5.715,5.948,1.499,1.521,0.617,0.761,0.095,0.13,1.209
2023,70,Mauritius,5.816,5.706,5.927,1.57,1.358,0.49,0.641,0.123,0.118,1.517
2022,59,Mauritius,5.902,5.791,6.013,1.589,1.382,0.336,0.574,0.121,0.11,1.79
2021,52,Mauritius,6.071,5.958,6.184,1.591,1.116,0.568,0.589,0.131,0.107,1.969
2020,51,Mauritius,6.049,5.933,6.165,1.178,0.996,0.574,0.59,0.153,0.096,2.462
2019,49,Mauritius,6.101,5.989,6.213,1.074,1.396,0.763,0.591,0.187,0.084,2.007
2024,10,Mexico,6.979,6.889,7.068,1.435,1.504,0.55,0.879,0.057,0.118,2.438
2023,25,Mexico,6.678,6.575,6.781,1.521,1.241,0.544,0.722,0.086,0.127,2.437
2022,36,Mexico,6.33,6.218,6.441,1.55,1.169,0.389,0.632,0.086,0.115,2.389
2021,46,Mexico,6.128,6.017,6.238,1.552,0.886,0.623,0.621,0.092,0.115,2.239
2020,37,Mexico,6.317,6.213,6.42,1.126,0.83,0.634,0.585,0.092,0.089,2.961
2019,24,Mexico,6.465,6.371,6.559,1.024,1.226,0.832,0.554,0.083,0.083,2.663
2024,77,Mongolia,5.833,5.747,5.919,1.336,1.731,0.423,0.629,0.18,0.053,1.481
2023,77,Mongolia,5.696,5.61,5.783,1.353,1.511,0.4,0.501,0.237,0.055,1.64
2022,61,Mongolia,5.84,5.75,5.93,1.379,1.494,0.244,0.425,0.239,0.058,2.001
2021,68,Mongolia,5.761,5.676,5.845,1.393,1.197,0.467,0.398,0.247,0.059,1.999
2020,71,Mongolia,5.677,5.595,5.76,0.966,1.065,0.442,0.397,0.263,0.053,2.492
2019,81,Mongolia,5.456,5.377,5.535,0.905,1.459,0.616,0.356,0.264,0.047,1.811
2024,71,Montenegro,5.877,5.789,5.965,1.507,1.551,0.618,0.768,0.075,0.138,1.22
2023,76,Montenegro,5.707,5.599,5.815,1.571,1.318,0.587,0.632,0.11,0.132,1.357
2022,67,Montenegro,5.722,5.503,5.941,1.537,1.385,0.424,0.563,0.17,0.061,1.581
2021,75,Montenegro,5.547,5.413,5.681,1.573,1.023,0.659,0.46,0.135,0.077,1.619
2020,73,Montenegro,5.581,5.475,5.686,1.155,0.891,0.637,0.397,0.166,0.081,2.254
2019,72,Montenegro,5.546,5.45,5.642,1.01,1.266,0.839,0.303,0.149,0.098,1.881
2024,112,Morocco,4.622,4.509,4.736,1.139,0.635,0.585,0.748,0.031,0.095,1.388
2023,107,Morocco,4.795,4.677,4.912,1.213,0.471,0.495,0.631,0.042,0.082,1.861
2022,100,Morocco,4.903,4.783,5.023,1.236,0.535,0.337,0.54,0.013,0.085,2.158
2021,100,Morocco,5.06,4.938,5.181,1.208,0.268,0.565,0.492,0.02,0.102,2.405
2020,107,Morocco,4.918,4.8,5.036,0.792,0.219,0.558,0.477,0.034,0.088,2.749
2019,97,Morocco,5.095,4.986,5.204,0.759,0.645,0.745,0.45,0.04,0.077,2.378
2024,96,Mozambique,5.19,5.004,5.376,0.559,1.131,0.124,0.813,0.127,0.173,2.262
2023,90,Mozambique,5.216,5.027,5.406,0.56,0.883,0.156,0.728,0.158,0.196,2.536
2022,97,Mozambique,4.954,4.727,5.181,0.57,0.885,0.0,0.625,0.161,0.192,2.519
2021,101,Mozambique,5.048,4.823,5.273,0.578,0.66,0.191,0.593,0.185,0.2,2.641
2020,116,Mozambique,4.794,4.592,4.997,0.183,0.634,0.196,0.608,0.228,0.163,2.783
2019,120,Mozambique,4.624,4.468,4.779,0.179,0.955,0.324,0.561,0.22,0.163,2.221
2024,126,Myanmar,4.321,4.172,4.471,0.975,1.144,0.446,0.569,0.322,0.163,0.702
2023,118,Myanmar,4.354,4.208,4.501,0.978,0.988,0.436,0.45,0.401,0.174,0.928
2022,117,Myanmar,4.372,4.212,4.533,1.032,1.125,0.269,0.46,0.4,0.194,0.893
2021,126,Myanmar,4.394,4.277,4.511,1.038,0.829,0.491,0.513,0.452,0.194,0.877
2020,127,Myanmar,4.426,4.324,4.527,0.666,0.713,0.341,0.601,0.52,0.178,1.407
2019,133,Myanmar,4.308,4.224,4.392,0.678,1.098,0.495,0.597,0.57,0.188,0.681
2024,103,Namibia,4.911,4.797,5.025,1.182,1.482,0.104,0.564,0.052,0.056,1.47
2023,106,Namibia,4.832,4.705,4.958,1.266,1.212,0.307,0.47,0.069,0.061,1.446
2022,105,Namibia,4.631,4.496,4.766,1.289,1.126,0.145,0.383,0.069,0.071,1.549
2021,124,Namibia,4.459,4.326,4.593,1.292,0.877,0.354,0.384,0.067,0.071,1.414
2020,125,Namibia,4.574,4.448,4.7,0.882,0.801,0.262,0.411,0.091,0.059,2.068
2019,122,Namibia,4.571,4.452,4.691,0.84,1.246,0.407,0.445,0.076,0.054,1.503
2024,92,Nepal,5.311,5.184,5.437,0.944,1.21,0.463,0.764,0.155,0.099,1.676
2023,93,Nepal,5.158,5.027,5.29,0.965,0.99,0.443,0.653,0.209,0.115,1.783
2022,78,Nepal,5.36,5.214,5.507,0.979,1.027,0.281,0.567,0.215,0.104,2.187
2021,84,Nepal,5.377,5.251,5.502,0.984,0.784,0.499,0.519,0.237,0.13,2.224
2020,88,Nepal,5.269,5.132,5.406,0.519,0.702,0.496,0.488,0.287,0.135,2.642
2019,92,Nepal,5.137,5.024,5.25,0.444,1.101,0.669,0.481,0.301,0.128,2.014
2024,5,Netherlands,7.306,7.24,7.372,1.822,1.667,0.844,0.86,0.186,0.344,1.583
2023,6,Netherlands,7.319,7.256,7.383,1.901,1.462,0.706,0.725,0.247,0.372,1.906
2022,5,Netherlands,7.403,7.346,7.46,1.942,1.488,0.545,0.672,0.251,0.394,2.11
2021,5,Netherlands,7.415,7.359,7.471,1.945,1.206,0.787,0.651,0.271,0.419,2.137
2020,6,Netherlands,7.464,7.41,7.518,1.501,1.079,0.753,0.647,0.302,0.384,2.798
2019,6,Netherlands,7.449,7.394,7.503,1.339,1.464,0.976,0.614,0.336,0.369,2.352
2024,12,New Zealand,6.952,6.874,7.031,1.698,1.712,0.815,0.861,0.167,0.429,1.27
2023,11,New Zealand,7.029,6.954,7.105,1.81,1.527,0.673,0.746,0.226,0.48,1.567
2022,10,New Zealand,7.123,7.048,7.198,1.842,1.544,0.513,0.672,0.23,0.471,1.852
2021,10,New Zealand,7.2,7.12,7.279,1.852,1.235,0.752,0.68,0.245,0.483,1.954
2020,10,New Zealand,7.277,7.198,7.355,1.4,1.094,0.785,0.665,0.276,0.445,2.612
2019,8,New Zealand,7.3,7.222,7.377,1.242,1.487,1.008,0.647,0.326,0.461,2.128
2024,47,Nicaragua,6.33,6.186,6.475,1.084,1.47,0.646,0.912,0.103,0.271,1.844
2023,43,Nicaragua,6.284,6.135,6.433,1.097,1.263,0.542,0.793,0.133,0.251,2.203
2022,40,Nicaragua,6.259,6.109,6.408,1.109,1.292,0.385,0.66,0.148,0.218,2.448
2021,45,Nicaragua,6.165,6.017,6.312,1.105,1.029,0.617,0.617,0.168,0.212,2.418
2020,56,Nicaragua,5.972,5.81,6.134,0.693,0.904,0.604,0.553,0.201,0.176,2.841
2019,46,Nicaragua,6.137,6.012,6.262,0.62,1.271,0.803,0.56,0.213,0.174,2.496
2024,110,Niger,4.725,4.588,4.863,0.606,0.796,0.258,0.759,0.122,0.137,2.048
2023,109,Niger,4.556,4.401,4.712,0.573,0.677,0.293,0.615,0.145,0.147,2.107
2022,109,Niger,4.501,4.291,4.712,0.561,0.628,0.137,0.54,0.154,0.14,2.341
2021,104,Niger,5.003,4.76,5.247,0.57,0.56,0.326,0.571,0.165,0.145,2.667
2020,97,Niger,5.074,4.875,5.273,0.162,0.402,0.167,0.516,0.2,0.157,3.47
2019,103,Niger,4.91,4.758,5.061,0.108,0.704,0.299,0.435,0.208,0.138,3.018
2024,105,Nigeria,4.885,4.748,5.022,0.989,1.245,0.38,0.639,0.17,0.028,1.433
2023,102,Nigeria,4.881,4.744,5.018,1.042,1.075,0.256,0.566,0.201,0.019,1.722
2022,95,Nigeria,4.981,4.825,5.136,1.065,1.007,0.092,0.448,0.176,0.013,2.181
2021,118,Nigeria,4.552,4.453,4.651,1.079,0.732,0.3,0.444,0.175,0.038,1.784
2020,117,Nigeria,4.759,4.658,4.861,0.663,0.625,0.051,0.433,0.212,0.039,2.736
2019,115,Nigeria,4.724,4.622,4.826,0.646,0.987,0.168,0.435,0.221,0.048,2.22
2021,79,North Cyprus,5.467,5.325,5.609,1.815,0.888,0.819,0.523,0.13,0.213,1.078
2020,75,North Cyprus,5.536,5.435,5.636,1.377,0.806,0.801,0.503,0.196,0.2,1.653
2019,76,North Cyprus,5.536,5.435,5.636,1.213,1.183,1.026,0.478,0.199,0.2,1.237
2024,86,North Macedonia,5.503,5.409,5.597,1.458,1.537,0.544,0.637,0.13,0.007,1.19
2023,84,North Macedonia,5.369,5.27,5.468,1.475,1.277,0.569,0.58,0.194,0.015,1.26
2022,87,North Macedonia,5.254,5.146,5.361,1.498,1.171,0.408,0.515,0.207,0.02,1.435
2021,89,North Macedonia,5.199,5.095,5.303,1.505,0.863,0.637,0.488,0.215,0.031,1.461
2020,95,North Macedonia,5.101,5.001,5.202,1.068,0.772,0.535,0.45,0.212,0.022,2.042
2019,90,North Macedonia,5.16,5.068,5.251,0.935,1.183,0.803,0.41,0.186,0.025,1.618
2024,7,Norway,7.262,7.171,7.353,1.902,1.711,0.863,0.962,0.168,0.425,1.231
2023,7,Norway,7.302,7.215,7.389,1.952,1.517,0.704,0.835,0.224,0.484,1.586
2022,7,Norway,7.315,7.229,7.402,1.994,1.521,0.544,0.752,0.212,0.463,1.829
2021,8,Norway,7.365,7.29,7.44,1.997,1.239,0.786,0.728,0.217,0.474,1.925
2020,7,Norway,7.392,7.323,7.462,1.543,1.108,0.782,0.703,0.249,0.427,2.58
2019,5,Norway,7.488,7.42,7.556,1.424,1.495,1.008,0.67,0.288,0.434,2.168
2024,109,Pakistan,4.768,4.644,4.892,0.982,0.759,0.417,0.529,0.136,0.046,1.898
2023,108,Pakistan,4.657,4.535,4.779,1.069,0.6,0.321,0.542,0.144,0.074,1.907
2022,108,Pakistan,4.555,4.404,4.707,1.081,0.657,0.158,0.511,0.141,0.102,1.907
2021,121,Pakistan,4.516,4.397,4.634,1.049,0.413,0.374,0.448,0.181,0.112,1.94
2020,106,Pakistan,4.934,4.802,5.066,0.637,0.423,0.322,0.418,0.252,0.097,2.784
2019,66,Pakistan,5.693,5.599,5.788,0.617,0.873,0.47,0.405,0.229,0.123,2.977
2024,41,Panama,6.407,6.284,6.531,1.594,1.6,0.717,0.876,0.041,0.042,1.537
2023,39,Panama,6.358,6.227,6.489,1.702,1.392,0.633,0.72,0.063,0.043,1.806
2022,38,Panama,6.265,6.105,6.424,1.714,1.402,0.475,0.63,0.065,0.036,1.943
2021,37,Panama,6.309,6.154,6.464,1.715,1.107,0.709,0.592,0.049,0.051,2.086
2020,42,Panama,6.18,6.036,6.323,1.298,0.976,0.667,0.596,0.079,0.053,2.509
2019,36,Panama,6.305,6.188,6.422,1.098,1.376,0.879,0.58,0.097,0.054,2.221
2024,54,Paraguay,6.172,6.064,6.279,1.329,1.615,0.291,0.921,0.097,0.063,1.857
2023,57,Paraguay,5.977,5.868,6.085,1.398,1.408,0.549,0.788,0.131,0.065,1.637
2022,66,Paraguay,5.738,5.625,5.851,1.428,1.427,0.392,0.678,0.148,0.062,1.604
2021,73,Paraguay,5.578,5.467,5.689,1.409,1.13,0.624,0.629,0.171,0.059,1.555
2020,72,Paraguay,5.653,5.473,5.832,0.983,0.97,0.549,0.602,0.206,0.037,2.306
2019,67,Paraguay,5.692,5.59,5.794,0.898,1.368,0.736,0.587,0.204,0.065,1.834
2024,65,Peru,5.947,5.844,6.049,1.323,1.364,0.551,0.71,0.05,0.021,1.929
2023,68,Peru,5.841,5.736,5.946,1.371,1.18,0.662,0.615,0.078,0.029,1.907
2022,75,Peru,5.526,5.412,5.64,1.39,1.153,0.499,0.549,0.073,0.027,1.835
2021,74,Peru,5.559,5.439,5.679,1.397,0.865,0.735,0.545,0.09,0.037,1.89
2020,64,Peru,5.84,5.692,5.988,0.986,0.833,0.623,0.536,0.087,0.031,2.744
2019,63,Peru,5.797,5.677,5.917,0.919,1.208,0.824,0.513,0.092,0.027,2.213
2024,57,Philippines,6.107,5.994,6.22,1.177,1.385,0.315,0.966,0.075,0.11,2.079
2023,53,Philippines,6.048,5.929,6.166,1.232,1.146,0.441,0.826,0.099,0.136,2.167
2022,76,Philippines,5.523,5.371,5.675,1.238,1.108,0.286,0.714,0.104,0.141,1.931
2021,60,Philippines,5.904,5.8,6.007,1.268,0.912,0.514,0.678,0.107,0.142,2.283
2020,62,Philippines,5.88,5.778,5.982,0.853,0.828,0.426,0.651,0.125,0.126,2.872
2019,52,Philippines,6.006,5.908,6.104,0.775,1.245,0.602,0.622,0.129,0.13,2.502
2024,26,Poland,6.673,6.611,6.734,1.666,1.595,0.63,0.79,0.021,0.169,1.802
2023,35,Poland,6.442,6.37,6.513,1.738,1.417,0.639,0.6,0.081,0.175,1.791
2022,39,Poland,6.26,6.177,6.343,1.767,1.474,0.477,0.511,0.12,0.139,1.772
2021,48,Poland,6.123,6.04,6.205,1.758,1.174,0.712,0.523,0.124,0.14,1.693
2020,45,Poland,6.166,6.087,6.245,1.309,0.982,0.668,0.558,0.08,0.13,2.438
2019,43,Poland,6.186,6.117,6.256,1.169,1.31,0.868,0.558,0.063,0.161,2.057
2024,60,Portugal,6.013,5.907,6.118,1.646,1.56,0.822,0.879,0.04,0.034,1.032
2023,55,Portugal,6.03,5.925,6.134,1.728,1.368,0.699,0.757,0.047,0.035,1.397
2022,56,Portugal,5.968,5.86,6.076,1.758,1.356,0.537,0.693,0.031,0.037,1.556
2021,56,Portugal,6.016,5.911,6.122,1.76,1.078,0.777,0.655,0.016,0.039,1.691
2020,59,Portugal,5.929,5.821,6.037,1.323,0.939,0.76,0.621,0.029,0.033,2.225
2019,59,Portugal,5.911,5.807,6.015,1.169,1.34,0.979,0.59,0.053,0.028,1.753
2024,58,Republic of Korea,6.038,5.945,6.131,1.709,1.357,0.903,0.678,0.1,0.139,1.152
2023,52,Republic of Korea,6.058,5.968,6.148,1.815,1.178,0.77,0.555,0.126,0.158,1.456
2022,57,Republic of Korea,5.951,5.862,6.04,1.853,1.188,0.603,0.446,0.112,0.163,1.587
2021,59,Republic of Korea,5.935,5.849,6.021,1.851,0.886,0.841,0.414,0.111,0.176,1.656
2020,63,Republic of Korea,5.845,5.763,5.928,1.403,0.758,0.801,0.353,0.134,0.135,2.262
2019,61,Republic of Korea,5.872,5.786,5.959,1.245,1.134,1.023,0.259,0.17,0.095,1.947
2024,80,Republic of Moldova,5.819,5.706,5.933,1.332,1.43,0.414,0.83,0.054,0.037,1.722
2023,71,Republic of Moldova,5.816,5.702,5.93,1.385,1.277,0.542,0.695,0.077,0.044,1.795
2022,63,Republic of Moldova,5.819,5.717,5.922,1.425,1.302,0.375,0.61,0.093,0.02,1.995
2021,62,Republic of Moldova,5.857,5.766,5.948,1.417,1.008,0.597,0.561,0.102,0.028,2.142
2020,66,Republic of Moldova,5.766,5.677,5.856,0.985,0.888,0.542,0.536,0.137,0.013,2.665
2019,70,Republic of Moldova,5.608,5.525,5.69,0.708,1.237,0.713,0.39,0.174,0.014,2.371
2024,35,Romania,6.563,6.47,6.655,1.636,1.401,0.561,0.847,0.028,0.015,2.075
2023,32,Romania,6.491,6.39,6.592,1.699,1.236,0.583,0.717,0.041,0.006,2.21
2022,24,Romania,6.589,6.488,6.69,1.726,1.28,0.423,0.631,0.044,0.0,2.485
2021,28,Romania,6.477,6.379,6.575,1.719,1.006,0.655,0.605,0.039,0.006,2.446
2020,47,Romania,6.14,6.027,6.253,1.275,0.832,0.595,0.564,0.045,0.001,2.83
2019,47,Romania,6.124,6.031,6.217,1.12,1.194,0.792,0.535,0.068,0.001,2.413
2024,66,Russian Federation,5.945,5.865,6.026,1.63,1.549,0.47,0.702,0.095,0.125,1.373
2023,72,Russian Federation,5.785,5.712,5.859,1.642,1.351,0.531,0.551,0.138,0.121,1.451
2022,70,Russian Federation,5.661,5.588,5.734,1.68,1.383,0.366,0.449,0.12,0.091,1.572
2021,80,Russian Federation,5.459,5.392,5.525,1.685,1.095,0.586,0.401,0.117,0.08,1.494
2020,77,Russian Federation,5.477,5.413,5.541,1.241,0.992,0.511,0.409,0.115,0.06,2.148
2019,73,Russian Federation,5.546,5.468,5.624,1.127,1.379,0.68,0.399,0.099,0.046,1.816
2021,143,Rwanda,3.268,3.074,3.462,0.785,0.133,0.462,0.621,0.187,0.544,0.536
2020,148,Rwanda,3.415,3.282,3.548,0.364,0.202,0.407,0.627,0.227,0.493,1.095
2019,150,Rwanda,3.312,3.21,3.415,0.343,0.523,0.572,0.604,0.236,0.486,0.548
2024,32,Saudi Arabia,6.6,6.497,6.702,1.743,1.566,0.714,0.915,0.105,0.187,1.37
2023,28,Saudi Arabia,6.594,6.48,6.707,1.842,1.361,0.511,0.787,0.114,0.188,1.79
2022,30,Saudi Arabia,6.463,6.344,6.581,1.861,1.37,0.351,0.682,0.093,0.17,1.936
2021,25,Saudi Arabia,6.523,6.409,6.637,1.87,1.092,0.577,0.651,0.078,0.18,2.075
2020,27,Saudi Arabia,6.494,6.384,6.604,1.435,0.964,0.571,0.603,0.09,0.163,2.668
2019,27,Saudi Arabia,6.406,6.296,6.517,1.334,1.31,0.76,0.548,0.087,0.163,2.203
2024,107,Senegal,4.856,4.732,4.979,0.907,0.977,0.433,0.767,0.129,0.09,1.553
2023,99,Senegal,4.969,4.841,5.096,0.927,0.751,0.392,0.607,0.152,0.069,2.071
2022,102,Senegal,4.855,4.727,4.983,0.943,0.727,0.231,0.519,0.142,0.06,2.234
2021,103,Senegal,5.046,4.921,5.171,0.933,0.53,0.447,0.494,0.143,0.081,2.419
2020,93,Senegal,5.132,4.998,5.266,0.518,0.558,0.357,0.381,0.158,0.088,3.071
2019,101,Senegal,4.981,4.877,5.084,0.504,0.955,0.518,0.352,0.164,0.082,2.405
2024,31,Serbia,6.606,6.513,6.698,1.489,1.62,0.545,0.767,0.131,0.107,1.946
2023,37,Serbia,6.411,6.3,6.522,1.538,1.391,0.585,0.663,0.2,0.101,1.932
2022,45,Serbia,6.144,5.988,6.299,1.552,1.343,0.424,0.617,0.246,0.081,1.881
2021,43,Serbia,6.178,6.062,6.294,1.55,1.086,0.658,0.546,0.219,0.088,2.031
2020,49,Serbia,6.078,5.974,6.181,1.101,0.924,0.634,0.482,0.189,0.066,2.682
2019,64,Serbia,5.778,5.679,5.878,0.988,1.327,0.828,0.395,0.15,0.059,2.029
2024,146,Sierra Leone,2.998,2.894,3.102,0.786,0.692,0.327,0.613,0.138,0.052,0.391
2023,140,Sierra Leone,3.245,3.124,3.366,0.654,0.566,0.253,0.469,0.181,0.053,1.068
2022,135,Sierra Leone,3.138,2.976,3.299,0.67,0.54,0.092,0.371,0.193,0.051,1.221
2021,140,Sierra Leone,3.574,3.416,3.732,0.686,0.416,0.273,0.387,0.202,0.055,1.556
2020,139,Sierra Leone,3.849,3.698,4.001,0.279,0.377,0.1,0.408,0.243,0.047,2.396
2019,139,Sierra Leone,3.926,3.807,4.046,0.241,0.748,0.204,0.382,0.258,0.048,2.046
2024,34,Singapore,6.565,6.481,6.65,2.022,1.565,0.935,0.856,0.164,0.522,0.501
2023,30,Singapore,6.523,6.44,6.605,2.118,1.361,0.769,0.743,0.168,0.575,0.788
2022,25,Singapore,6.587,6.454,6.72,2.168,1.354,0.607,0.66,0.17,0.561,1.067
2021,27,Singapore,6.48,6.392,6.569,2.149,1.127,0.851,0.672,0.163,0.587,0.932
2020,33,Singapore,6.377,6.293,6.46,1.695,1.019,0.897,0.664,0.176,0.547,1.379
2019,31,Singapore,6.377,6.312,6.442,1.52,1.395,1.138,0.635,0.219,0.533,0.937
2024,50,Slovakia,6.221,6.154,6.288,1.629,1.762,0.547,0.704,0.058,0.07,1.451
2023,45,Slovakia,6.257,6.182,6.332,1.706,1.54,0.638,0.566,0.096,0.058,1.653
2022,29,Slovakia,6.469,6.36,6.578,1.731,1.544,0.472,0.494,0.128,0.022,2.078
2021,35,Slovakia,6.391,6.306,6.475,1.736,1.232,0.707,0.479,0.118,0.025,2.094
2020,35,Slovakia,6.331,6.251,6.411,1.304,1.066,0.653,0.468,0.107,0.018,2.714
2019,37,Slovakia,6.281,6.204,6.357,1.195,1.424,0.853,0.424,0.117,0.011,2.256
2024,19,Slovenia,6.792,6.695,6.889,1.692,1.718,0.802,0.961,0.121,0.113,1.384
2023,21,Slovenia,6.743,6.643,6.843,1.786,1.502,0.695,0.789,0.157,0.131,1.683
2022,22,Slovenia,6.65,6.55,6.75,1.815,1.539,0.532,0.707,0.144,0.113,1.799
2021,22,Slovenia,6.63,6.542,6.718,1.81,1.249,0.769,0.685,0.118,0.115,1.885
2020,30,Slovenia,6.461,6.376,6.546,1.36,1.093,0.722,0.69,0.122,0.085,2.388
2019,33,Slovenia,6.363,6.277,6.449,1.209,1.465,0.933,0.647,0.146,0.077,1.889
2024,122,Somalia,4.347,4.203,4.49,0.535,0.877,0.046,0.916,0.206,0.192,1.575
2024,95,South Africa,5.213,5.086,5.339,1.283,1.465,0.142,0.676,0.064,0.043,1.54
2023,83,South Africa,5.422,5.295,5.549,1.389,1.369,0.322,0.537,0.078,0.034,1.693
2022,85,South Africa,5.275,5.132,5.417,1.417,1.428,0.149,0.464,0.09,0.019,1.708
2021,91,South Africa,5.194,5.073,5.315,1.425,1.088,0.361,0.442,0.089,0.046,1.742
2020,104,South Africa,4.956,4.839,5.074,0.967,0.895,0.265,0.447,0.144,0.051,2.187
2019,109,South Africa,4.814,4.696,4.932,0.902,1.259,0.407,0.435,0.126,0.06,1.625
2019,152,South Sudan,2.817,2.606,3.028,0.289,0.553,0.209,0.066,0.21,0.111,1.379
2024,38,Spain,6.466,6.385,6.547,1.69,1.685,0.894,0.734,0.112,0.18,1.17
2023,36,Spain,6.421,6.339,6.502,1.766,1.471,0.729,0.619,0.119,0.177,1.54
2022,32,Spain,6.436,6.354,6.519,1.798,1.491,0.567,0.533,0.101,0.157,1.789
2021,29,Spain,6.476,6.392,6.56,1.808,1.211,0.808,0.505,0.101,0.149,1.893
2020,28,Spain,6.491,6.408,6.574,1.375,1.057,0.826,0.462,0.135,0.124,2.513
2019,28,Spain,6.401,6.318,6.484,1.231,1.421,1.051,0.426,0.165,0.11,1.997
2024,133,Sri Lanka,3.891,3.78,4.001,1.271,1.308,0.567,0.696,0.121,0.025,-0.099
2023,128,Sri Lanka,3.898,3.778,4.018,1.361,1.179,0.586,0.583,0.144,0.031,0.014
2022,112,Sri Lanka,4.442,4.28,4.603,1.422,1.224,0.426,0.539,0.12,0.086,0.625
2021,127,Sri Lanka,4.362,4.237,4.487,1.415,0.934,0.66,0.529,0.15,0.079,0.595
2020,130,Sri Lanka,4.325,4.196,4.454,0.99,0.82,0.593,0.559,0.239,0.049,1.075
2019,130,Sri Lanka,4.327,4.223,4.431,0.898,1.195,0.792,0.529,0.253,0.049,0.611
2021,122,State of Palestine,4.483,4.3,4.665,1.148,0.957,0.521,0.336,0.073,0.079,1.368
2020,126,State of Palestine,4.517,4.384,4.649,0.646,0.819,0.434,0.33,0.082,0.075,2.131
2019,125,State of Palestine,4.553,4.443,4.662,0.588,1.195,0.614,0.299,0.092,0.072,1.694
2020,131,Swaziland,4.308,4.168,4.448,0.849,0.693,0.074,0.323,0.067,0.147,2.155
2019,132,Swaziland,4.308,4.168,4.448,0.828,1.065,0.216,0.3,0.067,0.147,1.686
2024,4,Sweden,7.345,7.262,7.427,1.783,1.698,0.889,0.952,0.17,0.467,1.385
2023,4,Sweden,7.344,7.267,7.422,1.878,1.501,0.724,0.838,0.221,0.524,1.658
2022,6,Sweden,7.395,7.322,7.468,1.921,1.51,0.562,0.754,0.225,0.52,1.903
2021,7,Sweden,7.384,7.315,7.454,1.92,1.204,0.803,0.724,0.218,0.512,2.003
2020,8,Sweden,7.363,7.293,7.433,1.478,1.062,0.763,0.685,0.244,0.448,2.683
2019,7,Sweden,7.353,7.282,7.425,1.322,1.433,0.986,0.65,0.273,0.442,2.246
2024,13,Switzerland,6.935,6.854,7.015,1.87,1.622,0.883,0.889,0.156,0.468,1.047
2023,9,Switzerland,7.06,6.973,7.147,1.97,1.425,0.747,0.759,0.173,0.498,1.488
2022,8,Switzerland,7.24,7.156,7.324,2.022,1.463,0.582,0.678,0.151,0.475,1.87
2021,4,Switzerland,7.512,7.437,7.586,2.026,1.226,0.822,0.677,0.147,0.461,2.153
2020,4,Switzerland,7.571,7.5,7.643,1.566,1.079,0.816,0.653,0.204,0.413,2.839
2019,3,Switzerland,7.56,7.491,7.629,1.391,1.472,1.041,0.629,0.269,0.408,2.35
2024,27,Taiwan Province of China,6.669,6.579,6.76,1.73,1.583,0.817,0.76,0.057,0.187,1.534
2023,31,Taiwan Province of China,6.503,6.41,6.597,1.842,1.346,0.65,0.649,0.068,0.202,1.747
2022,27,Taiwan Province of China,6.535,6.444,6.627,1.89,1.372,0.492,0.562,0.067,0.178,1.974
2021,26,Taiwan Province of China,6.512,6.429,6.596,1.897,1.095,0.733,0.542,0.075,0.168,2.002
2020,25,Taiwan Province of China,6.584,6.51,6.659,1.48,0.982,0.665,0.49,0.142,0.139,2.687
2019,25,Taiwan Province of China,6.455,6.379,6.532,1.327,1.358,0.878,0.449,0.151,0.132,2.16
2022,80,Tajikistan,5.33,5.207,5.452,0.972,1.248,0.291,0.599,0.104,0.292,1.823
2021,83,Tajikistan,5.377,5.287,5.468,0.966,1.005,0.518,0.572,0.118,0.304,1.895
2020,79,Tajikistan,5.466,5.4,5.532,0.508,0.895,0.498,0.548,0.152,0.247,2.619
2019,71,Tajikistan,5.556,5.492,5.619,0.475,1.218,0.681,0.521,0.182,0.222,2.257
2024,136,Tanzania,3.8,3.661,3.938,0.847,0.908,0.411,0.858,0.153,0.243,0.38
2023,131,Tanzania,3.781,3.644,3.917,0.82,0.706,0.38,0.709,0.191,0.257,0.717
2022,129,Tanzania,3.694,3.547,3.84,0.836,0.787,0.214,0.607,0.234,0.269,0.747
2021,139,Tanzania,3.702,3.558,3.847,0.848,0.597,0.425,0.578,0.248,0.27,0.735
2020,143,Tanzania,3.623,3.485,3.762,0.433,0.54,0.3,0.549,0.307,0.231,1.263
2019,148,Tanzania,3.476,3.352,3.6,0.457,0.873,0.443,0.509,0.272,0.204,0.719
2024,49,Thailand,6.222,6.117,6.327,1.426,1.551,0.633,0.927,0.223,0.039,1.423
2023,58,Thailand,5.976,5.858,6.094,1.484,1.347,0.62,0.756,0.283,0.024,1.463
2022,60,Thailand,5.843,5.717,5.969,1.515,1.344,0.461,0.624,0.291,0.013,1.594
2021,61,Thailand,5.891,5.788,5.994,1.535,1.096,0.697,0.617,0.321,0.026,1.6
2020,55,Thailand,5.985,5.893,6.077,1.107,0.957,0.596,0.611,0.375,0.028,2.309
2019,54,Thailand,5.999,5.915,6.082,1.007,1.348,0.794,0.609,0.377,0.032,1.832
2024,127,Togo,4.315,4.2,4.43,0.757,0.736,0.378,0.576,0.097,0.153,1.618
2023,124,Togo,4.214,4.098,4.33,0.758,0.586,0.32,0.453,0.127,0.156,1.814
2022,122,Togo,4.137,3.986,4.289,0.77,0.642,0.161,0.367,0.149,0.136,1.913
2021,135,Togo,4.112,3.953,4.272,0.771,0.322,0.36,0.292,0.174,0.132,2.061
2020,137,Togo,4.107,3.956,4.258,0.254,0.239,0.203,0.289,0.209,0.107,2.806
2019,135,Togo,4.187,4.065,4.31,0.268,0.548,0.343,0.304,0.201,0.115,2.41
2024,70,Trinidad and Tobago,5.905,5.651,6.159,1.549,1.532,0.419,0.76,0.111,0.001,1.533
2019,42,Trinidad and Tobago,6.192,5.968,6.416,1.168,1.407,0.659,0.553,0.199,0.015,2.191
2024,113,Tunisia,4.552,4.47,4.633,1.257,1.224,0.459,0.382,0.032,0.05,1.149
2023,115,Tunisia,4.422,4.338,4.505,1.306,0.955,0.579,0.254,0.024,0.018,1.285
2022,110,Tunisia,4.497,4.393,4.601,1.333,0.981,0.422,0.259,0.022,0.016,1.463
2021,120,Tunisia,4.516,4.403,4.629,1.35,0.596,0.656,0.316,0.029,0.029,1.54
2020,123,Tunisia,4.596,4.484,4.709,0.919,0.515,0.59,0.334,0.057,0.044,2.138
2019,128,Tunisia,4.392,4.295,4.49,0.875,0.872,0.781,0.236,0.056,0.044,1.528
2024,94,Türkiye,5.262,5.178,5.347,1.582,1.444,0.626,0.244,0.04,0.104,1.223
2023,98,Türkiye,4.975,4.866,5.085,1.702,1.175,0.631,0.202,0.068,0.115,1.083
2022,106,Türkiye,4.614,4.45,4.777,1.714,1.148,0.467,0.125,0.095,0.096,0.969
2021,112,Türkiye,4.744,4.644,4.845,1.707,0.865,0.702,0.209,0.087,0.115,1.059
2020,105,Türkiye,4.948,4.857,5.038,1.26,0.809,0.59,0.236,0.097,0.104,1.852
2019,93,Türkiye,5.132,5.054,5.21,1.127,1.197,0.781,0.254,0.086,0.121,1.565
2021,78,Turkmenistan,5.474,5.371,5.578,1.484,1.319,0.516,0.649,0.314,0.032,1.16
2020,98,Turkmenistan,5.066,4.996,5.136,1.046,1.172,0.439,0.602,0.366,0.033,1.409
2019,95,Turkmenistan,5.119,5.062,5.177,1.009,1.51,0.612,0.515,0.323,0.034,1.115
2024,116,Uganda,4.461,4.336,4.587,0.762,1.342,0.396,0.751,0.148,0.05,1.012
2023,117,Uganda,4.372,4.243,4.501,0.772,1.151,0.373,0.587,0.178,0.054,1.256
2022,113,Uganda,4.432,4.258,4.607,0.785,1.144,0.201,0.425,0.197,0.051,1.628
2021,117,Uganda,4.603,4.459,4.747,0.777,0.875,0.418,0.402,0.222,0.066,1.842
2020,120,Uganda,4.636,4.493,4.78,0.364,0.718,0.24,0.398,0.267,0.054,2.596
2019,126,Uganda,4.432,4.298,4.566,0.312,1.052,0.378,0.402,0.265,0.064,1.959
2024,111,Ukraine,4.68,4.565,4.794,1.328,1.472,0.472,0.689,0.245,0.023,0.451
2023,105,Ukraine,4.873,4.758,4.988,1.35,1.315,0.513,0.631,0.285,0.025,0.753
2022,92,Ukraine,5.071,4.956,5.187,1.358,1.354,0.355,0.551,0.265,0.016,1.172
2021,98,Ukraine,5.084,4.978,5.19,1.411,1.081,0.583,0.473,0.188,0.017,1.331
2020,111,Ukraine,4.875,4.773,4.977,0.979,0.958,0.517,0.417,0.181,0.01,1.813
2019,123,Ukraine,4.561,4.463,4.658,0.78,1.321,0.699,0.319,0.179,0.01,1.253
2024,21,United Arab Emirates,6.759,6.673,6.846,1.812,1.294,0.659,0.934,0.165,0.235,1.66
2023,22,United Arab Emirates,6.733,6.643,6.823,1.983,1.164,0.563,0.815,0.209,0.258,1.741
2022,26,United Arab Emirates,6.571,6.486,6.656,2.015,1.223,0.401,0.745,0.188,0.247,1.752
2021,24,United Arab Emirates,6.576,6.492,6.66,1.998,0.98,0.633,0.702,0.204,0.25,1.809
2020,26,United Arab Emirates,6.561,6.484,6.637,1.555,0.86,0.594,0.67,0.236,0.223,2.422
2019,21,United Arab Emirates,6.791,6.711,6.871,1.431,1.251,0.788,0.653,0.281,0.22,2.167
2024,23,United Kingdom,6.728,6.647,6.809,1.725,1.562,0.779,0.872,0.211,0.318,1.26
2023,20,United Kingdom,6.749,6.665,6.833,1.822,1.326,0.672,0.713,0.267,0.351,1.598
2022,19,United Kingdom,6.796,6.714,6.877,1.857,1.366,0.511,0.626,0.272,0.34,1.822
2021,17,United Kingdom,6.943,6.867,7.018,1.867,1.143,0.75,0.597,0.289,0.329,1.967
2020,18,United Kingdom,7.064,6.99,7.138,1.423,1.062,0.757,0.58,0.34,0.306,2.596
2019,13,United Kingdom,7.165,7.092,7.237,1.273,1.458,0.976,0.525,0.373,0.323,2.237
2024,24,United States,6.724,6.629,6.82,1.839,1.614,0.604,0.644,0.171,0.161,1.69
2023,23,United States,6.725,6.631,6.818,1.939,1.392,0.542,0.586,0.223,0.169,1.873
2022,15,United States,6.894,6.802,6.986,1.98,1.46,0.39,0.557,0.21,0.172,2.124
2021,16,United States,6.977,6.888,7.065,1.982,1.182,0.628,0.574,0.22,0.177,2.214
2020,20,United States,6.951,6.856,7.047,1.533,1.03,0.621,0.554,0.252,0.154,2.807
2019,18,United States,6.94,6.847,7.032,1.374,1.405,0.832,0.535,0.298,0.152,2.344
2024,28,Uruguay,6.661,6.578,6.743,1.554,1.654,0.523,0.913,0.078,0.197,1.741
2023,26,Uruguay,6.611,6.527,6.696,1.596,1.431,0.592,0.775,0.106,0.22,1.891
2022,28,Uruguay,6.494,6.404,6.583,1.617,1.445,0.435,0.683,0.102,0.254,1.958
2021,30,Uruguay,6.474,6.386,6.562,1.615,1.18,0.672,0.665,0.103,0.265,1.974
2020,32,Uruguay,6.431,6.341,6.521,1.164,1.042,0.649,0.625,0.128,0.223,2.6
2019,26,Uruguay,6.44,6.351,6.529,1.071,1.425,0.857,0.594,0.132,0.193,2.167
2024,53,Uzbekistan,6.193,6.088,6.297,1.179,1.615,0.654,0.977,0.195,0.208,1.364
2023,47,Uzbekistan,6.195,6.087,6.303,1.212,1.394,0.539,0.835,0.251,0.215,1.749
2022,54,Uzbekistan,6.014,5.899,6.13,1.227,1.347,0.375,0.74,0.26,0.208,1.856
2021,53,Uzbekistan,6.063,5.948,6.178,1.219,1.092,0.6,0.716,0.283,0.24,1.913
2020,43,Uzbekistan,6.179,6.045,6.312,0.769,1.027,0.528,0.716,0.391,0.271,2.477
2019,38,Uzbekistan,6.258,6.151,6.364,0.697,1.434,0.717,0.693,0.363,0.28,2.073
2024,82,Venezuela,5.683,5.57,5.796,0.0,1.493,0.515,0.702,0.154,0.117,2.701
2023,79,Venezuela,5.607,5.489,5.725,0.0,1.321,0.491,0.518,0.192,0.086,2.998
2022,88,Venezuela,5.211,5.085,5.336,0.0,1.257,0.341,0.369,0.205,0.084,2.955
2021,108,Venezuela,4.925,4.8,5.051,0.0,0.968,0.578,0.283,0.225,0.082,2.79
2020,108,Venezuela,4.892,4.767,5.017,0.852,0.897,0.574,0.284,0.078,0.072,2.135
2019,99,Venezuela,5.053,4.927,5.179,0.77,1.349,0.767,0.272,0.087,0.064,1.745
2024,46,Viet Nam,6.352,6.28,6.424,1.278,1.533,0.631,1.012,0.039,0.174,1.684
2023,54,Viet Nam,6.043,5.948,6.138,1.331,1.267,0.539,0.843,0.094,0.16,1.81
2022,65,Viet Nam,5.763,5.662,5.865,1.349,1.212,0.381,0.741,0.134,0.122,1.824
2021,77,Viet Nam,5.485,5.4,5.57,1.252,0.932,0.611,0.707,0.143,0.105,1.735
2020,80,Viet Nam,5.411,5.334,5.488,0.817,0.873,0.616,0.679,0.124,0.091,2.211
2019,83,Viet Nam,5.353,5.287,5.42,0.718,1.253,0.819,0.651,0.136,0.09,1.686
2024,140,Yemen,3.561,3.408,3.714,0.631,1.482,0.375,0.447,0.066,0.106,0.454
2023,133,Yemen,3.561,3.408,3.714,0.671,1.281,0.293,0.362,0.08,0.113,0.76
2021,132,Yemen,4.197,4.01,4.384,0.691,1.043,0.384,0.33,0.09,0.098,1.561
2020,142,Yemen,3.658,3.521,3.794,0.329,0.831,0.272,0.268,0.092,0.089,1.776
2019,146,Yemen,3.527,3.421,3.634,0.393,1.177,0.415,0.244,0.095,0.087,1.116
2024,131,Zambia,3.912,3.769,4.056,0.848,1.013,0.233,0.872,0.131,0.107,0.709
2023,134,Zambia,3.502,3.368,3.636,0.899,0.809,0.264,0.727,0.168,0.109,0.526
2022,128,Zambia,3.982,3.797,4.167,0.914,0.89,0.095,0.545,0.189,0.08,1.27
2021,137,Zambia,3.76,3.618,3.902,0.93,0.577,0.306,0.525,0.203,0.083,1.135
2020,138,Zambia,4.073,3.938,4.209,0.528,0.552,0.231,0.487,0.227,0.074,1.975
2019,141,Zambia,3.759,3.64,3.878,0.537,0.896,0.364,0.491,0.251,0.087,1.134
2024,143,Zimbabwe,3.396,3.283,3.509,0.827,0.961,0.178,0.598,0.065,0.131,0.636
2023,138,Zimbabwe,3.341,3.226,3.457,0.748,0.85,0.232,0.487,0.096,0.131,0.797
2022,134,Zimbabwe,3.204,3.084,3.323,0.758,0.881,0.069,0.363,0.112,0.117,0.905
2021,144,Zimbabwe,2.995,2.88,3.11,0.947,0.69,0.27,0.329,0.106,0.105,0.548
2020,149,Zimbabwe,3.145,3.03,3.259,0.457,0.649,0.243,0.359,0.157,0.075,1.205
2019,151,Zimbabwe,3.299,3.184,3.414,0.426,1.048,0.375,0.377,0.151,0.081,0.841
